block,sid,trial,rule_type,A_stim,B_stim,rule_sequence,test_type,X_stim,Y_stim,test_sequence,match,mismatch_type,response_key,correct,rt,isi1,isi2,isi3,isi4,isi5,iti,t_fixation,t_rule1,t_rule2,t_rule3,t_test1,t_test2,t_test3,t_response
run1,001,0,ABB,triangle,circle,"triangle,circle,circle",ABA,star,rectangle,"star,rectangle,star",0,rule_order,2,1,1.7048371049995694,0.7283540837127249,0.5,1.5,0.9677816572241037,0.6427908344559643,2.0,21.28360730037093,21.787255899980664,23.02530400035903,24.037267900072038,26.0489465999417,27.52612780034542,28.67685730010271,29.181685300078243
run1,001,1,ABB,star,rectangle,"star,rectangle,rectangle",ABB,circle,rectangle,"circle,rectangle,rectangle",1,,1,1,0.5411012699996718,1.2792660040279442,0.9453801759779962,1.5,1.0577093246502487,1.1773020078210379,2.0,35.90596480015665,36.4099749000743,38.20474410010502,39.66054560011253,41.67581870034337,43.24676020024344,44.93597160000354,45.44023340009153
run1,001,2,ABA,triangle,star,"triangle,star,triangle",ABA,star,rectangle,"star,rectangle,star",1,,1,1,0.5974299449999307,1.0734777190880762,0.96583730848373,1.5,0.8094053915547876,0.8967491749780196,2.0,51.001525700092316,51.505512500181794,53.09047650033608,54.5656614000909,56.57628579996526,57.896962500177324,59.30445360019803,59.8087728000246
run1,001,3,ABB,star,circle,"star,circle,circle",ABB,rectangle,star,"rectangle,star,star",1,,1,1,1.4008216700003686,1.009591437144657,1.0424565453075738,1.5,1.1360620687420628,1.0083093552385787,2.0,65.42671910021454,65.93076860019937,67.45245050033554,69.00619490025565,71.02757030026987,72.6732784002088,74.18932980019599,74.69377649994567
run1,001,4,ABA,triangle,star,"triangle,star,triangle",ABA,circle,triangle,"circle,triangle,circle",1,,1,1,0.7290721549998125,0.8259184509495727,0.9980581425139566,1.5,1.045572970373943,1.3445701923075044,2.0,81.11627870006487,81.61978150019422,82.95548440003768,84.4691296000965,86.48026200011373,88.03681399999186,89.89750740025192,90.40252250013873
run1,001,5,ABA,rectangle,triangle,"rectangle,triangle,rectangle",ABA,rectangle,circle,"rectangle,circle,rectangle",1,,1,1,0.9655412849997447,0.8989872232339303,0.7368258509962025,1.5,0.9180267467631605,0.9110834643263891,2.0,96.153669600375,96.65792730031535,98.06890350021422,99.31693420000374,101.33464490016922,102.76588430022821,104.18714640010148,104.69089379999787
run1,001,6,ABA,circle,star,"circle,star,circle",ABB,circle,rectangle,"circle,rectangle,rectangle",0,rule_order,2,1,0.5504588249996232,1.1594543062898985,0.77338765414853,1.5,0.8991339484325702,1.126755351447426,2.0,110.67282490013167,111.17648850008845,112.84554520016536,114.12423210032284,116.12882040021941,117.5378799000755,119.17477430030704,119.68334790039808
run1,001,7,ABA,star,triangle,"star,triangle,star",other,circle,rectangle,"circle,rectangle,triangle",0,random,2,1,0.7406697599999461,0.870555609625434,0.5659386248345627,1.5,0.6902703070891333,0.964088204964411,2.0,125.24666170030832,125.75062469998375,127.13860600022599,128.22203500010073,130.23083470016718,131.43278150027618,132.9030468002893,133.4121117000468
run1,001,8,ABA,rectangle,triangle,"rectangle,triangle,rectangle",ABA,circle,triangle,"circle,triangle,circle",1,,2,0,0.642990500000451,1.1183058594255586,0.999915955782541,1.5,1.296959350338081,0.8791591387831484,2.0,139.16608070023358,139.6741977003403,141.30427870014682,142.81607680022717,144.83037480013445,146.63899980019778,148.02775740018114,148.53249120013788
run1,001,9,ABB,rectangle,star,"rectangle,star,star",other,triangle,rectangle,"triangle,rectangle,star",0,random,2,1,0.5055943649995243,1.4133679466909645,1.0110627038897353,1.5,1.2682983611666498,0.863592769071686,2.0,154.19489870034158,154.69888149993494,156.62131720036268,158.14155020006,160.15796600002795,161.93694879999384,163.3114678002894,163.81543980026618
run1,001,10,ABB,rectangle,star,"rectangle,star,star",ABA,circle,triangle,"circle,triangle,circle",0,rule_order,2,1,0.2826880449993041,1.1090012724729572,1.1506888012473655,1.5,1.0320428102712467,1.3376309332345582,2.0,169.34572620037943,169.84954200033098,171.47466990025714,173.1393534000963,175.14700930006802,176.6896486002952,178.53473410010338,179.04370430018753
run1,001,11,ABA,rectangle,star,"rectangle,star,rectangle",ABA,triangle,circle,"triangle,circle,triangle",1,,1,1,1.5710501949997706,1.268430818797726,1.1171842245119412,1.5,0.8574696399485755,0.9736638795275853,2.0,184.33946340018883,184.84351940033957,186.62776970025152,188.25481089996174,190.2647583000362,191.63153870031238,193.11697650002316,193.6216152003035
run1,001,12,ABA,rectangle,triangle,"rectangle,triangle,rectangle",ABA,rectangle,triangle,"rectangle,triangle,rectangle",1,,1,1,0.32433303499965405,1.2374041880741804,1.277581401422279,1.5,1.2613541405223587,0.9911786136557705,2.0,200.21134460018948,200.7155336001888,202.46856290008873,204.25799270020798,206.26614390034229,208.03549840021878,209.5350164002739,210.03917320026085
run1,001,13,ABA,triangle,star,"triangle,star,triangle",other,rectangle,circle,"rectangle,circle,star",0,random,2,1,0.23407745999975305,0.9197470825949647,0.9710183687166953,1.5,0.9335829737949438,0.6600975419350094,2.0,215.38360670022666,215.88746700016782,217.31825300026685,218.80087430030107,220.81102839997038,222.257636600174,223.42747970018536,223.93251040019095
run1,001,14,ABB,circle,rectangle,"circle,rectangle,rectangle",ABB,triangle,star,"triangle,star,star",1,,1,1,0.4116221650001535,0.8864133676487411,1.1755045631185064,1.5,1.159315079094379,0.8491100149642541,2.0,229.18234710022807,229.6901402999647,231.08527100039646,232.77122770017013,234.78772350028157,236.46156400023028,237.81923020025715,238.32881500013173
run1,001,15,ABA,rectangle,star,"rectangle,star,rectangle",ABA,triangle,rectangle,"triangle,rectangle,triangle",1,,1,1,0.8185734400003639,1.0974546880486917,0.9866347072922187,1.5,0.9569233563472259,0.8845007636512524,2.0,243.75346220005304,244.2569961999543,245.86152980010957,247.35808810032904,249.37228490039706,250.83973000012338,252.23713160026819,252.7412976003252
run1,001,16,ABA,circle,star,"circle,star,circle",ABA,star,rectangle,"star,rectangle,star",1,,1,1,0.8823663799994392,0.9249947309590272,0.6345823754482859,1.5,1.178804792477852,0.8388647246002503,2.0,258.58816060004756,259.09611160028726,260.5295343003236,261.6776020000689,263.69411900034174,265.3799136001617,266.7259662002325,267.22995790001005
run1,001,17,ABA,circle,rectangle,"circle,rectangle,circle",other,circle,star,"circle,star,rectangle",0,random,2,1,0.23533897999914188,1.1966748730580696,0.7404464134510081,1.5,0.8157487441319801,1.0176243932740094,2.0,273.1330731003545,273.6369969001971,275.34257280034944,276.59499220037833,278.6076131002046,279.9350968003273,281.4665090003982,281.9709370001219
run1,001,18,ABA,star,triangle,"star,triangle,star",ABB,star,triangle,"star,triangle,triangle",0,rule_order,2,1,0.4290897849996327,1.2660776334550021,0.88280712807146,1.5,1.0477402768490607,1.3123775557191195,2.0,287.22778230020776,287.7309286003001,289.51183510012925,290.90723850019276,292.92046410031617,294.4799574003555,296.30728810001165,296.81117230001837
run1,001,19,ABA,circle,triangle,"circle,triangle,circle",ABB,triangle,rectangle,"triangle,rectangle,rectangle",0,rule_order,2,1,0.854697060000035,1.0516398571921386,1.288394611476642,1.5,1.3805579213232377,0.910612103388291,2.0,302.2600078000687,302.76396140037104,304.32235920010135,306.1224250001833,308.1384515003301,310.0313372001983,311.45339740021154,311.9581555002369
run1,001,20,ABA,star,triangle,"star,triangle,star",other,triangle,star,"triangle,star,circle",0,random,2,1,0.21609883999917656,1.1825153621597013,0.8684636525449114,1.5,1.313835174524833,1.0256982493075024,2.0,317.83349630003795,318.33855550037697,320.0298820999451,321.4060927000828,323.41981049999595,325.2428747001104,326.77708500018343,327.2862619999796
run1,001,21,ABB,star,rectangle,"star,rectangle,rectangle",ABA,circle,triangle,"circle,triangle,circle",0,rule_order,2,1,0.5896692499991332,0.8931973672851032,0.8667153068902105,1.5,1.246650565092206,1.0443666283512967,2.0,332.52157980017364,333.0294459001161,334.4313087002374,335.8130876002833,337.82067409995943,339.58167910017073,341.1378006003797,341.6418008003384
run1,001,22,ABB,rectangle,triangle,"rectangle,triangle,triangle",ABB,rectangle,circle,"rectangle,circle,circle",1,,1,1,0.6029818200004229,1.2146513513510373,1.3136050978498175,1.5,0.8026565890040736,0.9065007874378359,2.0,347.2585443002172,347.7618563999422,349.4867722000927,351.3111853003502,353.32610400021076,354.6399511001073,356.0559026999399,356.5604135002941
run1,001,23,ABA,rectangle,circle,"rectangle,circle,rectangle",ABB,star,rectangle,"star,rectangle,rectangle",0,rule_order,2,1,0.4933335249997981,1.113190563864706,1.1831481058835076,1.5,0.5,1.0004193205449108,2.0,362.18691259995103,362.6910860002972,364.3194759003818,366.0132404002361,368.0246429000981,369.0333020002581,370.5406468999572,371.04508269997314
run1,001,24,ABB,triangle,star,"triangle,star,star",ABB,rectangle,star,"rectangle,star,star",1,,1,1,0.5665937599997051,0.5917092961356434,0.9418675819161771,1.5,0.9012173925336652,0.8781183724655901,2.0,376.55818670010194,377.06153800012544,378.1651854002848,379.61368840001523,381.62626220006496,383.0374617003836,384.4265845003538,384.93507200013846
run1,001,25,ABA,circle,triangle,"circle,triangle,circle",ABB,star,triangle,"star,triangle,triangle",0,rule_order,2,1,0.4399226200002886,1.1071742281218948,1.016473533831412,1.5,1.3003216088098566,0.8721955284776743,2.0,390.5162027999759,391.02137490035966,392.64032940007746,394.1724665001966,396.1916229003109,398.0025639999658,399.38547760015354,399.89500429993495
run1,001,26,ABA,triangle,circle,"triangle,circle,triangle",other,triangle,rectangle,"triangle,rectangle,circle",0,random,2,1,0.12181023499942967,1.0978973682622937,0.503949924351071,1.5,0.9918252871415539,0.7248157168072504,2.0,405.35250680008903,405.8565024002455,407.4640951002948,408.4815001003444,410.5020900000818,412.00491730030626,413.2410194003023,413.74532840028405
run1,001,27,ABB,rectangle,triangle,"rectangle,triangle,triangle",ABB,star,rectangle,"star,rectangle,rectangle",1,,1,1,0.5625127699995573,1.1278270112742879,0.9553437098762686,1.5,1.2587278550690437,0.7840740401313613,2.0,418.8934576003812,419.4025437999517,421.0523496000096,422.51821590028703,424.52471450017765,426.2935734000057,427.5873137000017,428.09224140038714
run1,001,28,ABB,triangle,star,"triangle,star,star",ABB,circle,triangle,"circle,triangle,triangle",1,,1,1,0.8662418149997393,0.8875995740037925,1.1203778135047275,1.5,1.0160537628701602,1.0917936204665044,2.0,433.6735964999534,434.1773333000019,435.5716101001017,437.200412100181,439.2082823002711,440.73530940013006,442.33545670006424,442.840746300295
run1,001,29,ABB,star,circle,"star,circle,circle",ABA,rectangle,circle,"rectangle,circle,rectangle",0,rule_order,2,1,0.19253140000000712,0.8748661531025373,0.9533395101318773,1.5,1.0419855190266794,0.92367791736124,2.0,448.7242014002986,449.2281757001765,450.61389950010926,452.0768268001266,454.0912824999541,455.6429139999673,457.0744459000416,457.57884060032666
run2,001,30,ABA,star,rectangle,"star,rectangle,star",other,triangle,rectangle,"triangle,rectangle,circle",0,random,2,1,0.3174916250000024,1.312841832588481,1.1014935011325082,1.5,1.1924966794909615,0.9954794407611258,2.0,498.34901600005105,498.85309520037845,500.6761277001351,502.2865844001062,504.29930340033025,505.9984438000247,507.5056858002208,508.0145355002023
run2,001,31,ABA,circle,rectangle,"circle,rectangle,circle",ABA,triangle,rectangle,"triangle,rectangle,triangle",1,,1,1,0.2834624149991214,0.8355816178539465,0.7889127390530948,1.5,1.333435124075568,1.1456645852517011,2.0,513.3472815002315,513.8509112000465,515.198124000337,516.4980436000042,518.5061419000849,520.3490546001121,522.0018965001218,522.5060791000724
run2,001,32,ABB,rectangle,triangle,"rectangle,triangle,triangle",other,rectangle,star,"rectangle,star,triangle",0,random,2,1,0.31792652499916585,1.1430034554939459,0.7128082234451991,1.5,0.8038607181045513,1.2055164587101697,2.0,527.8107621003874,528.318245800212,529.9715885999613,531.192445800174,533.2028203001246,534.5154345002957,536.2323910002597,536.7414768999442
run2,001,33,ABB,circle,star,"circle,star,star",ABB,rectangle,star,"rectangle,star,star",1,,1,1,0.1922969799989005,0.7397610652905946,1.018803175941387,1.5,0.8298838384236903,1.055689938215367,2.0,542.0766973001882,542.5811199001037,543.8369575999677,545.3637409000657,547.3747254000045,548.7174324002117,550.2806216999888,550.7850785003975
run2,001,34,ABA,circle,rectangle,"circle,rectangle,circle",other,circle,triangle,"circle,triangle,rectangle",0,random,2,1,0.3095339100000274,1.2910284053827967,0.9589870188592406,1.5,0.8486870071420506,1.1573125361249064,2.0,555.9991927002557,556.5035920003429,558.3031855002046,559.7741804001853,561.7831628001295,563.1438958002254,564.813856900204,565.3175981999375
run2,001,35,ABA,triangle,rectangle,"triangle,rectangle,triangle",ABA,rectangle,triangle,"rectangle,triangle,rectangle",1,,1,1,0.3898130099996706,0.7899556164934124,0.695644180888025,1.5,1.0553761424091843,1.167023616233232,2.0,570.6528178001754,571.1558790002018,572.455223900266,573.6596274999902,575.671640700195,577.2431379002519,578.9192443001084,579.4235495999455
run2,001,36,ABA,rectangle,star,"rectangle,star,rectangle",ABB,rectangle,star,"rectangle,star,star",0,rule_order,2,1,0.2652146399996127,0.7642649506658707,0.9004048136700591,1.5,0.8755905001518319,1.396777832306698,2.0,584.8376820003614,585.3409760999493,586.6134802000597,588.019888299983,590.0310979001224,591.4197778999805,593.3237589001656,593.8277954002842
run2,001,37,ABA,rectangle,star,"rectangle,star,rectangle",ABB,circle,triangle,"circle,triangle,triangle",0,rule_order,2,1,0.07030921499972465,1.129619480987368,1.1149392835658856,1.5,0.84573166956099,1.0198491260946885,2.0,599.1104554003105,599.6138341999613,601.2542544002645,602.8849116000347,604.8971077003516,606.2513795001432,607.7807265999727,608.2848040000536
run2,001,38,ABB,circle,triangle,"circle,triangle,triangle",ABA,rectangle,triangle,"rectangle,triangle,rectangle",0,rule_order,2,1,0.5741566449996753,1.1072088700173608,1.1198265783164938,1.5,0.9703680865449223,1.1606866996403746,2.0,613.3848081002943,613.8933582003228,615.5123294000514,617.1457981001586,619.1603912999853,620.6517742001452,622.325674300082,622.834182200022
run2,001,39,ABA,star,rectangle,"star,rectangle,star",ABB,circle,star,"circle,star,star",0,rule_order,2,1,0.3963230150002346,0.9628231233225323,1.0027965768749203,1.5,1.1762323509677826,0.9168324775354103,2.0,628.4317219001241,628.9367582001723,630.4096951000392,631.9211244001053,633.9328853003681,635.6177018000744,637.0430605001748,637.5523403999396
run2,001,40,ABB,circle,triangle,"circle,triangle,triangle",ABB,rectangle,star,"rectangle,star,star",1,,2,0,0.12669456499952503,0.9560254501981822,1.156984290451755,1.5,1.0018769855886958,1.0996360384353694,2.0,642.9672988001257,643.4715118003078,644.9381524999626,646.6065925001167,648.6152415000834,650.1268168999813,651.7374297003262,652.2424036003649
run2,001,41,ABA,rectangle,circle,"rectangle,circle,rectangle",ABA,triangle,circle,"triangle,circle,triangle",1,,1,1,0.05922424999971554,0.7716012920964116,0.8968070323928933,1.5,0.8973998527128774,0.6359800783796504,2.0,657.3887936002575,657.8927102000453,659.175432600081,660.5825848001987,662.5895066000521,663.9982032999396,665.1563019002788,665.661068700254
run2,001,42,ABA,triangle,circle,"triangle,circle,triangle",ABA,rectangle,circle,"rectangle,circle,rectangle",1,,1,1,0.24242647000028228,0.8559937295649396,1.366611059241635,1.5,0.7892326946755951,0.9253195463375601,2.0,670.7460702001117,671.2547524999827,672.6257660002448,674.499553500209,676.5103354002349,677.8126663002186,679.250187900383,679.7547392002307
run2,001,43,ABB,rectangle,star,"rectangle,star,star",ABB,rectangle,circle,"rectangle,circle,circle",1,,1,1,0.3483510300002308,0.8440271109127746,0.7931361231591152,1.5,0.9167917012551331,1.4245797043367312,2.0,685.0181094999425,685.5261812000535,686.8854240002111,688.1858092001639,690.20193690015,691.6264488003217,693.5607297001407,694.0648900000378
run2,001,44,ABB,star,rectangle,"star,rectangle,rectangle",ABB,triangle,star,"triangle,star,star",1,,1,1,0.1292136849997405,1.0071066809552427,0.8388804206824604,1.5,0.9739434243023436,0.9552605858622712,2.0,699.4395976001397,699.9477463001385,701.4712864002213,702.8216809001751,704.8365877000615,706.3288127002306,707.7928339000791,708.297498700209
run2,001,45,ABB,triangle,circle,"triangle,circle,circle",ABB,triangle,circle,"triangle,circle,circle",1,,1,1,0.5244136599994818,0.7853385056416028,0.7382971259442992,1.5,0.969228079940552,0.8115434489448823,2.0,713.4520483002998,713.955907900352,715.2510486003011,716.5003510001116,718.5087008001283,719.98818450002,721.3111259001307,721.8155597001314
run2,001,46,ABB,circle,star,"circle,star,star",other,triangle,rectangle,"triangle,rectangle,star",0,random,2,1,0.1890598999989379,1.1821713522160273,0.7794818576816221,1.5,0.6683287057147034,0.909635172927868,2.0,727.3620309000835,727.8656824999489,729.5607148003764,730.8520154003054,732.8610668000765,734.0391342001967,735.4581523002125,735.9622985003516
run2,001,47,ABB,triangle,star,"triangle,star,star",ABB,triangle,star,"triangle,star,star",1,,1,1,0.3701824299996588,1.0176423362263716,1.1038214400858952,1.5,1.1784565728723289,0.7311263858191867,2.0,741.177431799937,741.681731000077,743.210742500145,744.8279218999669,746.8424651999958,748.5276019000448,749.774652400054,750.2794074001722
run2,001,48,ABA,triangle,star,"triangle,star,triangle",ABB,triangle,rectangle,"triangle,rectangle,rectangle",0,rule_order,2,1,0.6339152849996026,1.0443843073757089,0.7426191078277107,1.5,0.8076159634309735,1.0136124942162141,2.0,755.6741061001085,756.1777326003648,757.7368167000823,758.9860793999396,760.9977426002733,762.3194000003859,763.8497170000337,764.3536463002674
run2,001,49,ABB,star,rectangle,"star,rectangle,rectangle",other,circle,star,"circle,star,rectangle",0,random,1,0,1.1497539649990358,1.1033490058755113,1.3378691513833436,1.5,1.0792183799917603,1.0002431975232888,2.0,770.0139880003408,770.517761700321,772.1281880000606,773.9783756001852,775.9865096001886,777.5748079000041,779.083917400334,779.5887570003979
run2,001,50,ABB,triangle,rectangle,"triangle,rectangle,rectangle",other,triangle,star,"triangle,star,rectangle",0,random,2,1,0.4312337250003111,1.0966598800835201,1.2638426377593237,1.5,0.8617113015759965,1.131083828881402,2.0,785.7548971003853,786.2588317999616,787.8708532000892,789.6472656000406,791.6595951002091,793.031414099969,794.6761994003318,795.1806364003569
run2,001,51,ABB,circle,triangle,"circle,triangle,triangle",ABA,star,circle,"star,circle,star",0,rule_order,2,1,0.4444653299997299,0.9172748525244604,1.0062107815413324,1.5,0.7445310628663886,1.2109962325991823,2.0,800.6331046000123,801.1366294999607,802.5645747003146,804.083197100088,806.0945959002711,807.3471604003571,809.0690820999444,809.5739426002838
run2,001,52,ABA,circle,triangle,"circle,triangle,circle",other,circle,rectangle,"circle,rectangle,triangle",0,random,2,1,0.20789903499917273,0.7249588967392882,0.5,1.5,0.7169283664312422,0.6713368295771573,2.0,815.0421668002382,815.5460328999907,816.784382800106,817.7935399999842,819.8124481001869,821.0381582002155,822.2232429003343,822.7326959003694
run2,001,53,ABB,rectangle,circle,"rectangle,circle,circle",ABB,triangle,rectangle,"triangle,rectangle,rectangle",1,,1,1,0.08497500499925081,0.857975544429658,0.8897625795155173,1.5,1.0538884805798803,0.8508641827699186,2.0,827.958062000107,828.4611064000055,829.828028799966,831.2269196002744,833.2470301003195,834.808438600041,836.169965500012,836.674566200003
run2,001,54,ABA,star,circle,"star,circle,star",other,star,rectangle,"star,rectangle,triangle",0,random,2,1,0.22073308999915753,0.9280375650894183,0.9772284074769484,1.5,1.0134088103718932,0.8506182379712681,2.0,841.7788011003286,842.282966800034,843.723326400388,845.2153418003581,847.2283402001485,848.7510222001001,850.10968340002,850.6137614003383
run2,001,55,ABA,star,circle,"star,circle,star",other,rectangle,triangle,"rectangle,triangle,star",0,random,2,1,0.4014668099998744,0.8239752568354866,1.1836307319174837,1.5,0.9512064695705457,0.8792379091645471,2.0,855.8534295000136,856.3575552003458,857.6902294000611,859.3841375000775,861.3961317003705,862.8577212002128,864.246013100259,864.7516987002455
run2,001,56,ABB,rectangle,star,"rectangle,star,star",ABB,star,rectangle,"star,rectangle,rectangle",1,,1,1,0.18295319999924686,0.9766245989946863,0.7611613823737039,1.5,0.7176083012289816,1.3413645297434331,2.0,870.1693710000254,870.6734736999497,872.1635366003029,873.4345732000656,875.4483982003294,876.674525000155,878.5309159001336,879.0349552002735
run2,001,57,ABB,star,triangle,"star,triangle,triangle",other,rectangle,star,"rectangle,star,circle",0,random,2,1,0.18855714999972406,1.1872549138802155,0.6974922334639627,1.5,0.8490616808349866,1.3065514905261604,2.0,884.2456729002297,884.7541432003491,886.4538309001364,887.6633067000657,889.6752955000848,891.0366048002616,892.851416700054,893.3556490000337
run2,001,58,ABA,triangle,circle,"triangle,circle,triangle",ABB,rectangle,triangle,"rectangle,triangle,triangle",0,rule_order,2,1,0.19025488500028587,1.1677687287178766,1.1240481222119099,1.5,1.4730991047046016,0.8469095882107859,2.0,898.5658124000765,899.0704195001163,900.7487969002686,902.3878218000755,904.3998500001617,906.3879953003488,907.7444366002455,908.2491460000165
run2,001,59,ABB,star,circle,"star,circle,circle",ABA,star,rectangle,"star,rectangle,star",0,rule_order,2,1,0.4414944349991856,0.7862537100729204,0.8176913582302251,1.5,0.9566293647897204,0.8622722299703394,2.0,913.4639396001585,913.9677780000493,915.2644480001181,916.5970820002258,918.6109400000423,920.0812598001212,921.4565627002157,921.9659208003432
run3,001,60,ABB,circle,triangle,"circle,triangle,triangle",ABB,circle,triangle,"circle,triangle,triangle",1,,2,0,0.577715924999211,0.6331011738226826,1.261412936697126,1.5,0.8323221699278055,1.0058648280071938,2.0,938.0433972999454,938.5469651003368,939.6931986003183,941.4645871003158,943.4779672999866,944.8272673003376,946.3410031003878,946.8501057000831
run3,001,61,ABA,circle,triangle,"circle,triangle,circle",ABA,triangle,rectangle,"triangle,rectangle,triangle",1,,1,1,0.29631549999976414,1.1150109576046048,0.8630843086856651,1.5,0.8875906120684975,0.9438674958820228,2.0,952.4500808999874,952.9535316000693,954.5762733002193,955.9486459000036,957.9641121001914,959.3602136000991,960.8110087001696,961.3202033000998
run3,001,62,ABA,circle,rectangle,"circle,rectangle,circle",ABA,circle,rectangle,"circle,rectangle,circle",1,,1,1,0.5303833699990719,1.084052616699115,1.12876168193679,1.5,0.849384077512858,1.095343617954947,2.0,966.6412830003537,967.1453927000985,968.7426498001441,970.3787497002631,972.3874229001813,973.7501861001365,975.3583567002788,975.8672436000779
run3,001,63,ABB,triangle,rectangle,"triangle,rectangle,rectangle",ABB,rectangle,circle,"rectangle,circle,circle",1,,1,1,0.45889484500003164,0.8681237340984498,1.1701526225406598,1.5,1.1735740021621883,0.8589011990313552,2.0,981.4165179999545,981.9201620002277,983.3077914002351,984.9911947003566,987.0044734999537,988.6925782002509,990.0613498999737,990.565643100068
run3,001,64,ABA,triangle,circle,"triangle,circle,triangle",ABA,triangle,rectangle,"triangle,rectangle,triangle",1,,1,1,0.38289955999971426,1.064157943870129,0.8277850208770933,1.5,1.0880384696688417,1.3078058440644438,2.0,996.0436188001186,996.5520048001781,998.1256788000464,999.469087800011,1001.4805544000119,1003.0809834003448,1004.9005833002739,1005.408984400332
run3,001,65,ABB,circle,rectangle,"circle,rectangle,rectangle",other,circle,rectangle,"circle,rectangle,triangle",0,random,2,1,0.2849864299996625,0.7592019541131232,0.7547789527741748,1.5,1.2294459796785477,1.000958350243773,2.0,1010.8099464001134,1011.3135234001093,1012.5843724999577,1013.8459871001542,1015.8574888999574,1017.5972856003791,1019.1065650000237,1019.6153168003075
run3,001,66,ABA,star,triangle,"star,triangle,star",ABA,rectangle,circle,"rectangle,circle,rectangle",1,,1,1,0.27800628499971936,0.9397972788083682,0.7904072906403293,1.5,1.206158747634698,0.7586641475685779,2.0,1024.9165175003,1025.420339500066,1026.8681037002243,1028.1703564999625,1030.1833118000068,1031.901801300235,1033.1671731001697,1033.6717684003524
run3,001,67,ABB,rectangle,circle,"rectangle,circle,circle",other,triangle,star,"triangle,star,circle",0,random,2,1,0.6434332250000807,1.0281599790239557,1.0052238883934483,1.5,0.6995608412023004,1.0525236183650628,2.0,1038.9714141003788,1039.47491180012,1041.0170450001024,1042.5374703002162,1044.549122299999,1045.7562079001218,1047.3185269003734,1047.8229851000942
run3,001,68,ABB,triangle,circle,"triangle,circle,circle",ABA,circle,rectangle,"circle,rectangle,circle",0,rule_order,2,1,0.5801739699991231,0.913856301682589,1.5143653236559151,1.5,0.7285610657362542,1.012665663304054,2.0,1053.4902493003756,1053.9938815999776,1055.4246465000324,1057.4571374002844,1059.472615700215,1060.7151136002503,1062.2357920003124,1062.7397682000883
run3,001,69,ABA,star,rectangle,"star,rectangle,star",other,rectangle,circle,"rectangle,circle,star",0,random,2,1,0.6278028649994667,0.6196269774093744,0.8072603395582729,1.5,1.1481040789171097,0.8974078245337027,2.0,1068.3334515001625,1068.8378266999498,1069.9670429001562,1071.2819668003358,1073.2933771000244,1074.9580363002606,1076.3668193002231,1076.8708590003662
run3,001,70,ABB,rectangle,star,"rectangle,star,star",ABB,rectangle,triangle,"rectangle,triangle,triangle",1,,1,1,0.24029090499971062,1.164232843980082,1.0897562765339919,1.5,0.9355541529576533,1.382523984767178,2.0,1082.5195729001425,1083.0230886000209,1084.6970544001088,1086.3017458003014,1088.318313300144,1089.7665478000417,1091.6665254002437,1092.1714033000171
run3,001,71,ABA,star,circle,"star,circle,star",other,circle,star,"circle,star,triangle",0,random,2,1,0.10901348999959737,1.1456633058937729,1.39036206422693,1.5,0.9551477550075105,0.7328323914926069,2.0,1097.4395801001228,1097.9434230001643,1099.5976399001665,1101.5036933002993,1103.518639900256,1104.986516200006,1106.2331673000008,1106.7375904000364
run3,001,72,ABB,triangle,circle,"triangle,circle,circle",ABA,rectangle,circle,"rectangle,circle,rectangle",0,rule_order,2,1,0.3274698299992451,0.915080282355146,0.9122985469646229,1.5,1.063002884934779,1.1059292357748844,2.0,1111.8769757002592,1112.3805320002139,1113.804325800389,1115.224373199977,1117.2341626002453,1118.8092748001218,1120.4243612000719,1120.9341744999401
run3,001,73,ABB,rectangle,circle,"rectangle,circle,circle",ABB,triangle,rectangle,"triangle,rectangle,rectangle",1,,1,1,0.28929301999960444,1.079087668670095,1.1649999366857704,1.5,0.8995815531408962,1.1310894010091057,2.0,1126.2787775001489,1126.7829693001695,1128.3739133002236,1130.051598700229,1132.0667175003327,1133.4802117003128,1135.127361100167,1135.6314288000576
run3,001,74,ABA,star,rectangle,"star,rectangle,star",ABA,star,triangle,"star,triangle,star",1,,1,1,0.22625146999962453,1.0163597864956122,0.9926081518408555,1.5,1.3844588743232624,1.1437446156388886,2.0,1140.9360250001773,1141.4399713003077,1142.9657519003376,1144.4677325999364,1146.48099500034,1148.3811576003209,1150.0345209999941,1150.5434356001206
run3,001,75,ABA,circle,rectangle,"circle,rectangle,circle",other,rectangle,triangle,"rectangle,triangle,circle",0,random,2,1,0.2880884199994398,0.9984171146457196,0.7804630305641294,1.5,1.0035707412483494,0.9106487349151892,2.0,1155.7853079000488,1156.2891644001938,1157.799007399939,1159.0904195001349,1161.10418390017,1162.615208200179,1164.0423032003455,1164.5468366001733
run3,001,76,ABB,star,circle,"star,circle,circle",ABB,circle,star,"circle,star,star",1,,1,1,0.2404705199996897,1.1372737117526348,0.9810883537838208,1.5,1.0773999417037472,1.140235735643109,2.0,1169.8655977002345,1170.369507000316,1172.0183630003594,1173.5087439999916,1175.5180232999846,1177.1090868003666,1178.760291500017,1179.2646833001636
run3,001,77,ABA,rectangle,circle,"rectangle,circle,rectangle",ABA,circle,triangle,"circle,triangle,circle",1,,1,1,0.41659516999970947,0.9300139583556962,0.9524206702428686,1.5,1.0709708685256278,1.1568078876839192,2.0,1184.529456899967,1185.0326796001755,1186.4706312003545,1187.9308424000628,1189.9401556001976,1191.521668100264,1193.185143200215,1193.6901249000803
run3,001,78,ABA,triangle,rectangle,"triangle,rectangle,triangle",ABB,star,circle,"star,circle,circle",0,rule_order,2,1,0.4119703299993489,1.1439918151856143,0.9948003289292668,1.5,1.2454204422712456,0.8835925438176472,2.0,1199.12542950036,1199.6326314001344,1201.293528900016,1202.7972213001922,1204.8083441001363,1206.5613896003924,1207.9539638003334,1208.4633075003512
run3,001,79,ABA,rectangle,triangle,"rectangle,triangle,rectangle",other,circle,star,"circle,star,rectangle",0,random,2,1,0.24073514499923476,1.0801755572767882,0.8618797249100815,1.5,0.5283711440679463,1.0013203923305682,2.0,1213.8956154002808,1214.3995981002226,1215.9996168003418,1217.36957610026,1219.380747999996,1220.4164472999983,1221.929171900265,1222.433042400051
run3,001,80,ABB,triangle,star,"triangle,star,star",ABA,triangle,star,"triangle,star,triangle",0,rule_order,2,1,0.517016254999362,1.0497573969578018,1.0691520018505356,1.5,1.231080350604391,0.7974699057879414,2.0,1227.6985849002376,1228.2023550001904,1229.7594361002557,1231.3425940000452,1233.3496902002953,1235.089062700048,1236.3968755002134,1236.9010034003295
run3,001,81,ABB,star,triangle,"star,triangle,triangle",ABA,triangle,star,"triangle,star,triangle",0,rule_order,2,1,0.6135349699998187,1.1219257782212195,1.0372108102530837,1.5,1.0057736209155836,1.0270433051352466,2.0,1242.4385350001976,1242.9464897001162,1244.575613300316,1246.1250555003062,1248.1370403002948,1249.6537506002933,1251.191143900156,1251.6957680000924
run3,001,82,ABA,triangle,rectangle,"triangle,rectangle,triangle",ABB,star,circle,"star,circle,circle",0,rule_order,2,1,0.2578692150000279,1.0552913434215472,0.8303557626666704,1.5,1.0568846799104323,0.6729525128453484,2.0,1257.3312136000022,1257.8358885003254,1259.4025174002163,1260.7484822999686,1262.7684337999672,1264.3349386001937,1265.5185450003482,1266.0272809001617
run3,001,83,ABB,rectangle,triangle,"rectangle,triangle,triangle",ABA,rectangle,circle,"rectangle,circle,rectangle",0,rule_order,2,1,0.3801735249999183,1.105446775759102,1.0501921318979202,1.5,1.3520382544792515,0.8069788849046957,2.0,1271.302284100093,1271.805429500062,1273.4173173001036,1274.9777867002413,1276.9857629002072,1278.8443495002575,1280.1618921002373,1280.6709946002811
run3,001,84,ABB,rectangle,circle,"rectangle,circle,circle",ABA,rectangle,star,"rectangle,star,rectangle",0,rule_order,2,1,0.30063752999922144,0.9131398916472048,0.6472489533918708,1.5,1.0837300245534511,1.150213148181338,2.0,1286.0700853001326,1286.574058700353,1287.9979785000905,1289.1549211000092,1291.1632356001064,1292.7593464003876,1294.4168054000475,1294.921394099947
run3,001,85,ABB,circle,star,"circle,star,star",ABB,circle,triangle,"circle,triangle,triangle",1,,1,1,0.8230747950001387,0.8946951330795921,1.0584569823619614,1.5,0.7744852348480924,0.8064657406829636,2.0,1300.245120699983,1300.7539547001943,1302.163263299968,1303.7366866003722,1305.7457441003062,1307.0319191003218,1308.3501166002825,1308.854899500031
run3,001,86,ABA,circle,star,"circle,star,circle",ABA,rectangle,triangle,"rectangle,triangle,rectangle",1,,1,1,0.15607118499974604,1.058949484939329,0.9627383812446388,1.5,0.9871007349652595,0.8986844347373361,2.0,1314.698171300348,1315.2019885000773,1316.7721739001572,1318.2442598999478,1320.2623238000087,1321.757530100178,1323.1647522002459,1323.6689631002955
run3,001,87,ABA,rectangle,star,"rectangle,star,rectangle",other,star,circle,"star,circle,rectangle",0,random,2,1,0.19311029499931465,1.009268892649023,0.6993112150445235,1.5,0.9865166868549813,0.9232933084532374,2.0,1328.8482348001562,1329.3528059003875,1330.878278200049,1332.0904229003936,1334.1009490001015,1335.5985628003255,1337.0298620001413,1337.534314500168
run3,001,88,ABA,triangle,circle,"triangle,circle,triangle",ABB,triangle,star,"triangle,star,star",0,rule_order,2,1,0.28097645999969245,0.9251591927463811,1.1943237890759946,1.5,1.0672504956600188,1.3244653996367,2.0,1342.749611900188,1343.2531757000834,1344.6874184999615,1346.391431500204,1348.3999542002566,1349.979471700266,1351.81863170024,1352.3224953003228
run3,001,89,ABB,circle,star,"circle,star,star",ABB,circle,rectangle,"circle,rectangle,rectangle",1,,1,1,1.7498140300003797,0.8025485864438185,1.1683215458755702,1.5,0.8235046970253365,0.9354883586092053,2.0,1357.631393100135,1358.1349429003894,1359.4501368002966,1361.1326013002545,1363.140765200369,1364.4726686002687,1365.9219935000874,1366.4304756000638
run4,001,90,ABA,rectangle,circle,"rectangle,circle,rectangle",ABA,triangle,star,"triangle,star,triangle",1,,1,1,0.7136669599995002,0.7691747757181525,0.8619090010195058,1.5,0.9023171759062273,1.2583997744628936,2.0,1405.9794531003572,1406.4841349003837,1407.7600413002074,1409.1327512003481,1411.1517477999441,1412.5697409003042,1414.3391908002086,1414.8438286003657
run4,001,91,ABB,triangle,rectangle,"triangle,rectangle,rectangle",ABB,circle,rectangle,"circle,rectangle,rectangle",1,,1,1,0.3598765500000809,1.0334976518936325,0.9394845186025828,1.5,0.9511297516362669,0.7077516476869269,2.0,1420.5783931002952,1421.0840337001719,1422.6277326000854,1424.0780623001046,1426.089792100247,1427.5527061000466,1428.7715545999818,1429.2755076000467
run4,001,92,ABA,rectangle,triangle,"rectangle,triangle,rectangle",ABA,star,triangle,"star,triangle,star",1,,1,1,0.09936054499939928,1.4412034260778823,0.6428036765072731,1.5,1.1446489137530715,1.1093766931851405,2.0,1434.6594238001853,1435.1636691000313,1437.111349800136,1438.262948800344,1440.2707425002009,1441.9289431003854,1443.5537447002716,1444.0587892001495
run4,001,93,ABB,triangle,rectangle,"triangle,rectangle,rectangle",ABB,rectangle,triangle,"rectangle,triangle,triangle",1,,1,1,0.2470052599992414,1.1660513481616648,0.8990682281005639,1.5,0.773572916613197,1.4186044050490825,2.0,1449.1870682002045,1449.6907323002815,1451.3671830999665,1452.7736047003418,1454.7867042999715,1456.0699265003204,1458.0028216000646,1458.5070457002148
run4,001,94,ABB,star,triangle,"star,triangle,triangle",ABB,circle,rectangle,"circle,rectangle,rectangle",1,,1,1,0.45144824999897537,0.7613807346619826,0.9863149537135759,1.5,0.8265820010110224,0.8541347628821914,2.0,1463.7759487000294,1464.279695900157,1465.5508151999675,1467.0496170003898,1469.0603237003088,1470.403779400047,1471.7672252003103,1472.271171099972
run4,001,95,ABA,rectangle,circle,"rectangle,circle,rectangle",other,star,rectangle,"star,rectangle,circle",0,random,2,1,0.56998583999939,1.0311372734090347,0.7303693408430957,1.5,0.8533141856219726,0.8919180563119833,2.0,1477.745812300127,1478.2547708000056,1479.7985956999473,1481.044942600187,1483.054975300096,1484.416562099941,1485.8154247002676,1486.3195077003911
run4,001,96,ABB,circle,rectangle,"circle,rectangle,rectangle",ABA,star,triangle,"star,triangle,star",0,rule_order,2,1,0.1941618800001379,0.9649340513022824,0.9430001881392395,1.5,0.8547326705152793,1.1161753427505257,2.0,1491.905105800368,1492.4086178001016,1493.8831387003884,1495.3373449002393,1497.3549219002016,1498.7285081003793,1500.3541027000174,1500.8587088999338
run4,001,97,ABA,star,circle,"star,circle,star",ABA,triangle,star,"triangle,star,triangle",1,,1,1,0.27143471499948646,0.984646252802354,0.750279554004607,1.5,0.8634079111189344,1.1455686657093693,2.0,1506.0719053000212,1506.575732700061,1508.0739933000877,1509.3406115001999,1511.3480297001079,1512.7204595999792,1514.377204700373,1514.8859325000085
run4,001,98,ABB,rectangle,triangle,"rectangle,triangle,triangle",other,star,triangle,"star,triangle,rectangle",0,random,2,1,0.2668725399998948,0.8839117012931171,1.0537198806018384,1.5,1.0712319601904214,1.053820016345121,2.0,1520.1789683001116,1520.6874995003454,1522.077999799978,1523.6444652001373,1525.654437799938,1527.2347985003144,1528.797109800391,1529.301736399997
run4,001,99,ABB,circle,rectangle,"circle,rectangle,rectangle",ABB,triangle,circle,"triangle,circle,circle",1,,1,1,0.34983692500009056,1.251740556763161,0.8511346288069277,1.5,0.9380275387867475,1.0302805490844669,2.0,1534.5948278000578,1535.0993301002309,1536.8618580000475,1538.228915899992,1540.2405050001107,1541.6955351000652,1543.2372797001153,1543.7470383001491
run4,001,100,ABA,circle,triangle,"circle,triangle,circle",ABA,triangle,star,"triangle,star,triangle",1,,1,1,0.4147286299994448,1.129399696255273,0.8242185560486959,1.5,0.9352218565753266,1.4308875166362005,2.0,1549.1088791000657,1549.6124680000357,1551.250690500252,1552.5845155999996,1554.5962725002319,1556.0433597001247,1557.9859627000988,1558.4900305001065
run4,001,101,ABB,circle,rectangle,"circle,rectangle,rectangle",other,triangle,rectangle,"triangle,rectangle,star",0,random,2,1,0.4165156899989597,1.321642942116217,0.8547087484226168,1.5,0.7723481109713354,0.6141510215855086,2.0,1563.9239802001975,1564.4280541003682,1566.263405899983,1567.637768900022,1569.6571864001453,1570.9368859003298,1572.0638212002814,1572.5722496001981
run4,001,102,ABB,triangle,circle,"triangle,circle,circle",ABB,star,circle,"star,circle,circle",1,,1,1,0.5971646899997722,0.7047807467632492,1.0833832586208647,1.5,0.7566562724860617,0.79946523363285,2.0,1578.006738900207,1578.510773499962,1579.723927500192,1581.3149959002621,1583.3285991000012,1584.5958865000866,1585.906680600252,1586.4112554001622
run4,001,103,ABB,circle,star,"circle,star,star",ABA,star,triangle,"star,triangle,star",0,rule_order,2,1,0.36545579500034364,1.2102590405250802,0.8309423535416982,1.5,0.9885766458312709,1.1712441600735786,2.0,1592.0255373003893,1592.5292690000497,1594.25135770021,1595.5996763999574,1597.6136164003983,1599.1123238001019,1600.7954212999903,1601.2995363003574
run4,001,104,ABA,star,circle,"star,circle,star",other,star,circle,"star,circle,triangle",0,random,2,1,0.3455206699991322,1.2387959031595253,1.103944139893311,1.5,0.9238026127170819,0.7839892808532904,2.0,1606.6918819001876,1607.1950035002083,1608.9491576999426,1610.5648671002127,1612.5762523002923,1614.0086574000306,1615.300959400367,1615.8052493999712
run4,001,105,ABB,star,triangle,"star,triangle,triangle",other,rectangle,circle,"rectangle,circle,triangle",0,random,2,1,0.33974809999926947,1.4189666574385291,0.574600640051848,1.5,1.275556072515714,1.2002878903256304,2.0,1621.1712669003755,1621.674697900191,1623.6050081001595,1624.688653500285,1626.6954423002899,1628.4818188003264,1630.1897086002864,1630.6939264000393
run4,001,106,ABB,circle,triangle,"circle,triangle,triangle",ABB,triangle,rectangle,"triangle,rectangle,rectangle",1,,1,1,0.9048748949999208,1.1194627403331057,1.041970408347395,1.5,1.0929559514191383,0.6799935397670287,2.0,1636.0595253999345,1636.5629090000875,1638.1954338001087,1639.7447858001105,1641.7585575999692,1643.3663616003469,1644.5596320000477,1645.0634896000847
run4,001,107,ABA,circle,star,"circle,star,circle",ABA,rectangle,circle,"rectangle,circle,rectangle",1,,1,1,0.3042850100000578,1.0135611344119049,0.8909497691967341,1.5,1.2325638492700992,1.0906875069113375,2.0,1650.9884141003713,1651.4924185001291,1653.0170240001753,1654.425433000084,1656.4353519002907,1658.1788701000623,1659.7820844003,1660.285953800194
run4,001,108,ABB,star,rectangle,"star,rectangle,rectangle",ABB,star,circle,"star,circle,circle",1,,2,0,0.7704623699992226,0.7338149529596958,1.124049444944715,1.5,0.8880426798615557,1.212053649036053,2.0,1665.6095730001107,1666.1140262000263,1667.359104000032,1668.9959032000042,1671.0033976002596,1672.4001158000901,1674.124078300316,1674.6326966001652
run4,001,109,ABB,triangle,rectangle,"triangle,rectangle,rectangle",ABB,triangle,rectangle,"triangle,rectangle,rectangle",1,,1,1,0.8087002749989551,0.7141700070568933,0.9669095227959197,1.5,0.9617086156459274,0.6386537201470984,2.0,1680.4250589003786,1680.9293434000574,1682.150741000194,1683.6295821000822,1685.641054100357,1687.1212651003152,1688.2709199003875,1688.775105000008
run4,001,110,ABA,star,triangle,"star,triangle,star",ABA,rectangle,star,"rectangle,star,rectangle",1,,1,1,0.5025039449992619,1.0243117998573166,0.975771935295333,1.5,1.0384255198543002,0.9180143769278258,2.0,1694.603072900325,1695.1062866002321,1696.6386017999612,1698.1252627000213,1700.1414805003442,1701.6938968002796,1703.1230971002951,1703.6274341000244
run4,001,111,ABB,triangle,star,"triangle,star,star",ABA,star,circle,"star,circle,star",0,rule_order,2,1,0.5664809799991417,1.0378197051725275,1.0511052441098954,1.5,1.083077563252616,1.0459495938416774,2.0,1709.1538663003594,1709.6575536001474,1711.204991900362,1712.7687326003797,1714.7760656001046,1716.3705771001987,1717.923723900225,1718.4281995003112
run4,001,112,ABA,star,rectangle,"star,rectangle,star",ABA,rectangle,triangle,"rectangle,triangle,rectangle",1,,1,1,0.19566857499921753,1.0829747766606657,0.6941230463281187,1.5,0.8561752869479015,1.1832706394987156,2.0,1724.0091375000775,1724.5131260002963,1726.1067208000459,1727.3143295003101,1729.3258636002429,1730.7006874000654,1732.396509299986,1732.9003424001858
run4,001,113,ABB,star,circle,"star,circle,circle",other,circle,star,"circle,star,rectangle",0,random,2,1,0.28897926499939786,0.8267777108886647,0.8098638789547793,1.5,0.9008422265346774,0.78111138606751,2.0,1738.128053800203,1738.6318399002776,1739.9752678000368,1741.3013977003284,1743.311801300384,1744.7228040001355,1746.022411300335,1746.5311561003327
run4,001,114,ABA,triangle,rectangle,"triangle,rectangle,triangle",ABB,star,triangle,"star,triangle,triangle",0,rule_order,2,1,0.3270054149998032,0.9519706352460461,0.7959279180749689,1.5,0.7603104733982753,0.5335165065456127,2.0,1751.8389830002561,1752.3425907003693,1753.811097100377,1755.116703200154,1757.1316905999556,1758.4016985003836,1759.4431332000531,1759.9470816999674
run4,001,115,ABB,star,triangle,"star,triangle,triangle",ABB,circle,rectangle,"circle,rectangle,rectangle",1,,1,1,0.6255456549997689,1.5945845664021656,1.2306878624350328,1.5,1.0736086970027277,0.9397180066199295,2.0,1765.3023125999607,1765.8055381001905,1767.9178142002784,1769.6608494003303,1771.682529200334,1773.275874900166,1774.7275588000193,1775.2315825000405
run4,001,116,ABB,rectangle,circle,"rectangle,circle,circle",ABB,star,circle,"star,circle,circle",1,,1,1,0.8540910749989052,1.1595669217456532,0.8339898958710974,1.5,1.1534140711880245,0.8350526385648811,2.0,1780.8797866003588,1781.383062100038,1783.0527612003498,1784.396140200086,1786.4114457000978,1788.0807694001123,1789.4284866000526,1789.9328469000757
run4,001,117,ABA,circle,star,"circle,star,circle",other,rectangle,circle,"rectangle,circle,triangle",0,random,2,1,0.3246780299996317,0.8700209743745627,1.2463103025400395,1.5,0.8259442698252968,1.1887229116824676,2.0,1795.8040825999342,1796.3074389002286,1797.6980767999776,1799.4570545000024,1801.4675068003125,1802.8042316003703,1804.5051357001066,1805.0090487999842
run4,001,118,ABA,triangle,rectangle,"triangle,rectangle,triangle",ABA,star,triangle,"star,triangle,star",1,,1,1,0.2491997449997143,1.1621373359051816,0.9724570139455762,1.5,1.0043978761905674,0.6990075982666624,2.0,1810.3478010003455,1810.8516410002485,1812.5228508999571,1814.0030505000614,1816.0173547002487,1817.5298481001519,1818.7397640999407,1819.2441718000919
run4,001,119,ABA,triangle,star,"triangle,star,triangle",ABA,rectangle,circle,"rectangle,circle,rectangle",1,,1,1,0.28070889999980864,1.0762056894396086,1.0907113796272285,1.5,0.896249912715461,0.8957143073374219,2.0,1824.5163137000054,1825.0201305001974,1826.609949100297,1828.2121801003814,1830.2238055001944,1831.6295617003925,1833.037758000195,1833.5423952001147
