block,sid,trial,sample_stim,isi_condition,rule_type,A_stim,B_stim,A_prime,B_prime,rule_sequence,test_sequence,correct_next_stim,slot_mapping,correct_stim,response_key,response_slot,response_stim,correct,rt,isi1,isi2,isi3,isi4,isi5,iti,t_fixation,t_sample,t_delay,t_rule1,t_rule2,t_rule3,t_test1,t_test2,t_response
WM,cc2bdacf-6fe4-4e56-9630-a6ab21438244,0,triangle,1.0,,,,,,,,,"star,rectangle,circle,triangle",triangle,4,4,triangle,1,0.5499063000002025,,,,,,,60.573275100000046,61.09377399999994,61.60915759999989,,,,,,62.64227840000012
WM,cc2bdacf-6fe4-4e56-9630-a6ab21438244,1,circle,2.5,,,,,,,,,"rectangle,circle,triangle,star",circle,2,2,circle,1,0.5491339999998672,,,,,,,63.20868220000011,63.725666300000285,64.24295690000008,,,,,,66.75958919999994
WM,cc2bdacf-6fe4-4e56-9630-a6ab21438244,2,circle,2.5,,,,,,,,,"triangle,star,circle,rectangle",circle,3,3,circle,1,0.6678340000003118,,,,,,,67.34160139999994,67.85879389999991,68.37595599999986,,,,,,70.8928135000001
WM,cc2bdacf-6fe4-4e56-9630-a6ab21438244,3,rectangle,1.0,,,,,,,,,"star,circle,triangle,rectangle",rectangle,4,4,rectangle,1,0.5275495000000774,,,,,,,71.57339460000003,72.09266209999987,72.60905180000009,,,,,,73.62591389999989
WM,cc2bdacf-6fe4-4e56-9630-a6ab21438244,4,triangle,1.0,,,,,,,,,"circle,triangle,rectangle,star",triangle,2,2,triangle,1,0.45433939999975337,,,,,,,74.17430710000008,74.69319270000005,75.20877870000004,,,,,,76.24227350000001
WM,cc2bdacf-6fe4-4e56-9630-a6ab21438244,5,triangle,2.5,,,,,,,,,"triangle,rectangle,circle,star",triangle,1,1,triangle,1,0.6475132999999005,,,,,,,76.7068675999999,77.2248927999999,77.74248179999995,,,,,,80.25928680000015
WM,cc2bdacf-6fe4-4e56-9630-a6ab21438244,6,rectangle,2.5,,,,,,,,,"star,rectangle,triangle,circle",rectangle,2,2,rectangle,1,0.5398054000002048,,,,,,,80.92498220000016,81.44152710000026,81.95905960000027,,,,,,84.4755312000002
WM,cc2bdacf-6fe4-4e56-9630-a6ab21438244,7,rectangle,1.0,,,,,,,,,"star,triangle,circle,rectangle",rectangle,4,4,rectangle,1,0.5378767000001972,,,,,,,85.0236946,85.54255039999998,86.05962439999985,,,,,,87.09284900000011
WM,cc2bdacf-6fe4-4e56-9630-a6ab21438244,8,triangle,2.5,,,,,,,,,"star,triangle,circle,rectangle",triangle,2,2,triangle,1,0.5358581000000413,,,,,,,87.64017550000017,88.15898190000007,88.67762489999996,,,,,,91.19085540000015
WM,cc2bdacf-6fe4-4e56-9630-a6ab21438244,9,circle,1.0,,,,,,,,,"rectangle,star,triangle,circle",circle,4,4,circle,1,0.5914044000001013,,,,,,,91.74053030000005,92.25857730000007,92.77680420000024,,,,,,93.79290700000001
WM,cc2bdacf-6fe4-4e56-9630-a6ab21438244,10,rectangle,2.5,,,,,,,,,"triangle,rectangle,circle,star",rectangle,2,2,rectangle,1,0.6876406999999745,,,,,,,94.39051100000006,94.90877369999998,95.4257963,,,,,,97.94295580000016
WM,cc2bdacf-6fe4-4e56-9630-a6ab21438244,11,star,1.0,,,,,,,,,"triangle,star,rectangle,circle",star,2,2,star,1,0.498491699999704,,,,,,,98.63984600000003,99.15884899999992,99.67583060000015,,,,,,100.7103059000001
WM,cc2bdacf-6fe4-4e56-9630-a6ab21438244,12,circle,1.0,,,,,,,,,"triangle,circle,star,rectangle",circle,2,2,circle,1,0.6871044000004076,,,,,,,101.22459870000012,101.7425745999999,102.25912900000003,,,,,,103.29318719999992
WM,cc2bdacf-6fe4-4e56-9630-a6ab21438244,13,circle,1.0,,,,,,,,,"circle,triangle,rectangle,star",circle,1,1,circle,1,0.6466851000000133,,,,,,,103.99057600000015,104.5095411000002,105.02663570000004,,,,,,106.0589557000003
WM,cc2bdacf-6fe4-4e56-9630-a6ab21438244,14,star,2.5,,,,,,,,,"star,triangle,rectangle,circle",star,1,1,star,1,0.6612531000000672,,,,,,,106.72330640000018,107.24229710000009,107.75887349999994,,,,,,110.27596519999997
WM,cc2bdacf-6fe4-4e56-9630-a6ab21438244,15,circle,2.5,,,,,,,,,"rectangle,circle,star,triangle",circle,2,2,circle,1,0.5470288000001347,,,,,,,110.95889780000016,111.47601870000017,111.99251929999991,,,,,,114.50901410000006
WM,cc2bdacf-6fe4-4e56-9630-a6ab21438244,16,star,1.0,,,,,,,,,"star,rectangle,circle,triangle",star,1,1,star,1,0.6350840999998582,,,,,,,115.07503640000004,115.59207349999997,116.10899700000027,,,,,,117.12503520000018
WM,cc2bdacf-6fe4-4e56-9630-a6ab21438244,17,triangle,1.0,,,,,,,,,"circle,star,triangle,rectangle",triangle,3,3,triangle,1,0.6861865999999281,,,,,,,117.77401910000026,118.29251320000003,118.80815630000006,,,,,,119.82669990000022
WM,cc2bdacf-6fe4-4e56-9630-a6ab21438244,18,star,2.5,,,,,,,,,"circle,star,rectangle,triangle",star,2,2,star,1,0.49480329999960304,,,,,,,120.52455869999994,121.04244349999999,121.55926829999999,,,,,,124.07513460000018
WM,cc2bdacf-6fe4-4e56-9630-a6ab21438244,19,triangle,2.5,,,,,,,,,"rectangle,star,triangle,circle",triangle,3,3,triangle,1,0.5810132999999951,,,,,,,124.59132480000017,125.10870260000002,125.62689610000007,,,,,,128.14160540000012
WM,cc2bdacf-6fe4-4e56-9630-a6ab21438244,20,star,1.0,,,,,,,,,"rectangle,star,triangle,circle",star,2,2,star,1,0.4992824999999357,,,,,,,128.74116080000022,129.25903030000018,129.7766558000003,,,,,,130.79015160000017
WM,cc2bdacf-6fe4-4e56-9630-a6ab21438244,21,star,2.5,,,,,,,,,"circle,star,rectangle,triangle",star,2,2,star,1,0.4981494999997267,,,,,,,131.3077733,131.82549319999998,132.34173869999995,,,,,,134.85955379999996
WM,cc2bdacf-6fe4-4e56-9630-a6ab21438244,22,rectangle,2.5,,,,,,,,,"star,circle,triangle,rectangle",rectangle,4,4,rectangle,1,0.6211992999997165,,,,,,,135.37471640000012,135.89263519999986,136.40968220000013,,,,,,138.92520670000022
WM,cc2bdacf-6fe4-4e56-9630-a6ab21438244,23,rectangle,1.0,,,,,,,,,"rectangle,star,triangle,circle",rectangle,1,1,rectangle,1,0.5778240999998161,,,,,,,139.55697390000023,140.07496979999996,140.5933358000002,,,,,,141.6094492000002
main_run1,cc2bdacf-6fe4-4e56-9630-a6ab21438244,0,,,ABA,circle,triangle,triangle,circle,"circle,triangle,circle","triangle,circle",triangle,"circle,star,rectangle,triangle",triangle,4,4,triangle,1,0.5826552999997148,0.7913091721554315,1.181027881262558,0.6480009918679849,0.9580111509631696,0.9152065380076118,3.4341091915728175,144.59157189999996,,,145.10974450000003,146.44299320000027,148.15921449999996,149.3428939999999,150.84292080000023,152.30919219999987
main_run1,cc2bdacf-6fe4-4e56-9630-a6ab21438244,1,,,ABA,rectangle,circle,rectangle,circle,"rectangle,circle,rectangle","rectangle,circle",rectangle,"star,circle,rectangle,triangle",rectangle,3,3,rectangle,1,0.6815370000003895,1.2601408015019062,1.247280977769292,0.7968735640961943,0.9357581792299623,1.1043360370461694,2.662945897829178,156.41297429999986,,,156.9261962999999,158.7262254000002,160.51013980000016,161.8399099000003,163.30751400000008,164.95845180000015
main_run1,cc2bdacf-6fe4-4e56-9630-a6ab21438244,2,,,ABB,rectangle,star,star,rectangle,"rectangle,star,star","star,rectangle",rectangle,"star,rectangle,circle,triangle",rectangle,2,2,rectangle,1,1.7471111999998357,0.806045777359812,1.1577767515194197,0.9082407200210587,1.1755491977970294,1.4664191772821378,3.0645651923345585,168.3424497000001,,,168.85933400000022,170.20933090000017,171.90925240000024,173.34205509999993,175.05968940000002,177.05854959999988
main_run1,cc2bdacf-6fe4-4e56-9630-a6ab21438244,3,,,ABB,circle,triangle,triangle,circle,"circle,triangle,triangle","triangle,circle",circle,"star,circle,triangle,rectangle",circle,2,2,circle,1,0.6539886000000479,1.2137951947119852,1.2376744868886542,1.3855411706864613,1.3036750171724174,1.1249258831690174,2.7526186944774262,181.90907180000022,,,182.42568089999986,184.1763922,185.94261000000006,187.8752927999999,189.70941029999994,191.37629849999985
main_run1,cc2bdacf-6fe4-4e56-9630-a6ab21438244,4,,,ABA,rectangle,triangle,star,triangle,"rectangle,triangle,rectangle","star,triangle",star,"circle,rectangle,star,triangle",star,3,3,star,1,0.65384129999984,1.0332465191918467,1.1861441998183737,1.1543960082021512,1.2335314835904865,1.251714706227495,1.4823938430906116,194.80696080000007,,,195.32357009999987,196.89019800000005,198.6079024999999,200.29297760000009,202.0599161,203.8597906
main_run1,cc2bdacf-6fe4-4e56-9630-a6ab21438244,5,,,ABB,triangle,circle,circle,rectangle,"triangle,circle,circle","circle,rectangle",rectangle,"circle,rectangle,triangle,star",rectangle,2,2,rectangle,1,0.571083599999838,1.0090758770616266,1.1694589936873243,1.0582657670345248,0.9612134311350866,0.8600846559797631,2.6799368298510675,206.0239687000003,,,206.5426150000003,208.09514089999993,209.79319680000026,211.3931802000002,212.89400299999988,214.2927337000001
main_run1,cc2bdacf-6fe4-4e56-9630-a6ab21438244,6,,,ABB,star,triangle,triangle,rectangle,"star,triangle,triangle","triangle,rectangle",rectangle,"star,circle,rectangle,triangle",rectangle,3,3,rectangle,1,0.6154935999998088,1.0288944149708277,1.077501968144687,0.8335856792115773,1.2797747005793145,1.1460489406974654,4.392187118450755,217.5767533000003,,,218.09326499999997,219.65844659999993,221.27645650000022,222.64291820000017,224.4586763000002,226.14322330000005
main_run1,cc2bdacf-6fe4-4e56-9630-a6ab21438244,7,,,ABA,rectangle,star,rectangle,star,"rectangle,star,rectangle","rectangle,star",rectangle,"circle,rectangle,triangle,star",rectangle,2,2,rectangle,1,0.6215007000000696,1.0667554730747157,1.0287236310808776,0.49150951599025183,1.0084902501873696,1.1391633968017552,3.439754949662464,231.19363269999985,,,231.70900149999989,233.30733210000017,234.8737390000001,235.89015150000023,237.4401410999999,239.1243674000002
main_run1,cc2bdacf-6fe4-4e56-9630-a6ab21438244,8,,,ABA,triangle,circle,circle,star,"triangle,circle,triangle","circle,star",circle,"triangle,rectangle,circle,star",circle,3,3,circle,1,0.6626251000002412,1.0877728393233566,1.1910354434272243,1.1053550273848602,1.303307397078135,1.008977136811532,1.8881022707317336,243.20863420000023,,,243.72604820000015,245.3449544,247.0566948999999,248.69223300000021,250.52640550000024,252.0749983999999
main_run1,cc2bdacf-6fe4-4e56-9630-a6ab21438244,9,,,ABA,star,triangle,star,triangle,"star,triangle,star","star,triangle",star,"circle,triangle,star,rectangle",star,3,3,star,1,0.7097079000000122,1.088795203286485,1.0227335660767392,1.2344461492935663,0.6780360020009668,1.0567090527002596,0.8181342059898884,254.6593213000001,,,255.1761987,256.81031280000025,258.3597491999999,260.1254812000002,261.3421808000003,262.94341510000004
main_run1,cc2bdacf-6fe4-4e56-9630-a6ab21438244,10,,,ABB,rectangle,star,rectangle,triangle,"rectangle,star,star","rectangle,triangle",triangle,"rectangle,triangle,star,circle",triangle,2,2,triangle,1,0.668754600000284,0.6933602689623759,1.2586077333373433,0.7962250065817332,1.3821971379973035,0.8057758336557712,4.009145368451701,264.5094755,,,265.0249054000001,266.25962530000015,268.0606307000003,269.3938103999999,271.3089734,272.66006229999994
main_run1,cc2bdacf-6fe4-4e56-9630-a6ab21438244,11,,,ABA,circle,rectangle,rectangle,star,"circle,rectangle,circle","rectangle,star",rectangle,"star,circle,triangle,rectangle",rectangle,2,2,circle,0,1.554050499999903,0.9986935151898767,1.2049132120110329,1.236141538319001,0.9123984138410569,0.7706646026746122,3.7697320417908537,277.37604469999997,,,277.8920323000002,279.42692149999993,281.15961240000024,282.9430511999999,284.3934872,285.70858020000014
main_run1,cc2bdacf-6fe4-4e56-9630-a6ab21438244,12,,,ABA,star,triangle,star,circle,"star,triangle,star","star,circle",star,"circle,rectangle,star,triangle",star,3,3,star,1,0.6838447000000087,0.9840800194686439,0.7907409156353581,0.849276775332353,1.315065076264974,1.0886990264736924,2.225687640067541,291.0596157,,,291.57620050000014,293.09758009999996,294.40910140000005,295.7927490000002,297.6421227000001,299.2578625000001
main_run1,cc2bdacf-6fe4-4e56-9630-a6ab21438244,13,,,ABB,circle,star,star,rectangle,"circle,star,star","star,rectangle",rectangle,"star,triangle,rectangle,circle",rectangle,3,3,rectangle,1,0.645161299999927,1.475801684828277,1.1974235102790605,1.1066456040826225,0.9720148238380942,1.0414256802286361,4.180693984620559,302.2092891000002,,,302.72564420000026,304.7416983000003,306.4761636000003,308.1096889999999,309.60864029999993,311.1924932000002
main_run1,cc2bdacf-6fe4-4e56-9630-a6ab21438244,14,,,ABB,star,circle,star,circle,"star,circle,circle","star,circle",circle,"rectangle,star,triangle,circle",circle,4,4,circle,1,0.5547000999999909,0.9161346985586538,1.144963865939086,0.6024367446150958,1.0682801301832037,1.354260784806684,3.44290620151245,316.0598385000003,,,316.57702770000014,318.02646559999994,319.71038180000005,320.8433392000002,322.4434518000003,324.34256540000024
main_run1,cc2bdacf-6fe4-4e56-9630-a6ab21438244,15,,,ABB,rectangle,circle,circle,rectangle,"rectangle,circle,circle","circle,rectangle",rectangle,"rectangle,triangle,circle,star",rectangle,1,1,rectangle,1,0.559313100000054,0.9869649128782899,0.9482515301255025,0.9311115869070254,1.3297455277344163,0.766589494153357,2.5590090012453977,328.3587557999999,,,328.87645610000027,330.3932503000001,331.8765063999999,333.3434204,335.20963699999993,336.50984019999987
main_run1,cc2bdacf-6fe4-4e56-9630-a6ab21438244,16,,,ABA,star,circle,star,rectangle,"star,circle,star","star,rectangle",star,"triangle,star,circle,rectangle",star,2,2,star,1,0.6773189000000457,1.4911881328922358,0.8132206269048482,0.83634349197015,1.1252485471814395,0.9077214078948911,2.889772193761528,339.6601507999999,,,340.1788643,342.1923618999999,343.5429773000001,344.9270243000001,346.5915307,348.0427585000002
main_run1,cc2bdacf-6fe4-4e56-9630-a6ab21438244,17,,,ABB,star,triangle,rectangle,circle,"star,triangle,triangle","rectangle,circle",circle,"rectangle,circle,star,triangle",circle,2,2,circle,1,0.5802135999997518,0.7715976269291946,1.093188167277385,0.9557802416799068,1.1485528410214845,1.2342983560734797,2.2438307641054016,351.6587806000002,,,352.1759839000001,353.47627680000005,355.1098683,356.60932809999986,358.2929180000001,360.07533680000006
main_run1,cc2bdacf-6fe4-4e56-9630-a6ab21438244,18,,,ABB,circle,star,rectangle,circle,"circle,star,star","rectangle,circle",circle,"star,triangle,rectangle,circle",circle,4,4,circle,1,0.5682287999998152,1.0819107871502887,1.06998803440767,0.8070192961564744,0.9397792619567237,1.0731056072075673,1.5328578058746352,362.9430938999999,,,363.4592729000001,365.07617119999986,366.6765283,368.0097404000003,369.47622330000013,371.0930198000001
main_run1,cc2bdacf-6fe4-4e56-9630-a6ab21438244,19,,,ABA,star,triangle,star,circle,"star,triangle,star","star,circle",star,"triangle,rectangle,circle,star",star,4,4,star,1,0.8697452000001249,1.2349492540750828,1.361654562805314,1.018255391622512,0.940813558232161,1.4190638957249784,3.1381027984046703,373.22687959999985,,,373.74323779999986,375.51025560000016,377.4102708999999,378.9589728000001,380.4263154,382.39252320000014
main_run1,cc2bdacf-6fe4-4e56-9630-a6ab21438244,20,,,ABB,rectangle,triangle,star,rectangle,"rectangle,triangle,triangle","star,rectangle",rectangle,"star,triangle,rectangle,circle",rectangle,3,3,rectangle,1,0.760030899999947,1.3349112691892644,1.4456148343753374,1.130056785129691,1.3664599252261547,1.0048716999847878,4.1455477730629315,386.4271154000003,,,386.9410127000001,388.8086794000001,390.79284770000004,392.4591825000002,394.3592555,395.9098849000002
main_run1,cc2bdacf-6fe4-4e56-9630-a6ab21438244,21,,,ABA,triangle,circle,star,circle,"triangle,circle,triangle","star,circle",star,"triangle,star,rectangle,circle",star,2,2,star,1,0.6226206999999704,1.184595780804686,1.0752280880851357,0.8642176395729653,0.6050859333257874,1.325445159808177,2.9837209199914896,400.8610134999999,,,401.3761751000002,403.09389090000013,404.7093826999999,406.1100185,407.24267839999993,409.11006350000025
main_run1,cc2bdacf-6fe4-4e56-9630-a6ab21438244,22,,,ABA,circle,triangle,star,circle,"circle,triangle,circle","star,circle",star,"rectangle,circle,star,triangle",star,3,3,star,1,0.6431600999999318,0.7783382249823957,1.0064360616086967,0.9649583188958919,1.073931897403353,0.7328120837798209,3.423007224658746,412.7444138000001,,,413.2595137000003,414.5761372000002,416.1096103,417.6095392000002,419.2252456000001,420.49308789999986
main_run1,cc2bdacf-6fe4-4e56-9630-a6ab21438244,23,,,ABA,circle,rectangle,triangle,rectangle,"circle,rectangle,circle","triangle,rectangle",triangle,"circle,rectangle,triangle,star",triangle,3,3,triangle,1,0.7850659999999152,0.9155786917249789,0.6628823404333408,1.4107930200086998,0.8095815157222612,0.7246735086664284,1.188488425708251,424.5925293,,,425.1094102000002,426.56010330000026,427.75990690000026,429.71064449999994,431.0593041000002,432.3266289000003
main_run1,cc2bdacf-6fe4-4e56-9630-a6ab21438244,24,,,ABB,rectangle,star,circle,star,"rectangle,star,star","circle,star",star,"star,triangle,rectangle,circle",star,1,1,star,1,0.6342009999998481,0.9027302158212436,1.1089505406033462,1.2466545673353737,1.0571830132835243,1.1473007588786006,3.5518036172971703,434.32669620000024,,,434.84301890000006,436.2764242000003,437.9416759999999,439.7270155000001,441.32617470000014,443.02553179999995
main_run1,cc2bdacf-6fe4-4e56-9630-a6ab21438244,25,,,ABA,star,triangle,circle,rectangle,"star,triangle,star","circle,rectangle",circle,"rectangle,star,triangle,circle",circle,4,4,circle,1,0.6641521000001376,1.0139920077184355,1.0302824185581672,1.229245892133028,1.0016132326557952,0.8042757295021711,3.554222812938212,447.24316899999985,,,447.7596907000002,449.31008169999996,450.8777479999999,452.64356640000005,454.1771493000001,455.5260306
main_run1,cc2bdacf-6fe4-4e56-9630-a6ab21438244,26,,,ABB,circle,star,rectangle,triangle,"circle,star,star","rectangle,triangle",triangle,"triangle,star,rectangle,circle",triangle,1,1,triangle,1,0.5025049999999283,1.0425755986148955,0.9072381505055499,1.0229150542825014,1.276466072380909,1.1694059487827915,4.109929937912012,459.7766563,,,460.29262560000006,461.87720990000025,463.3271985000001,464.8768132,466.6935265000002,468.4092018000001
main_run1,cc2bdacf-6fe4-4e56-9630-a6ab21438244,27,,,ABA,triangle,circle,triangle,circle,"triangle,circle,triangle","triangle,circle",triangle,"triangle,star,rectangle,circle",triangle,1,1,triangle,1,0.4896342000001823,0.8931373943614751,0.9935787021689425,0.8592236805621092,0.8001526641051797,0.8136249078588992,2.8897593240461825,473.0598380000001,,,473.57652910000024,475.00905950000015,476.54293450000023,477.9420518000002,479.27574360000017,480.62662120000005
main_run1,cc2bdacf-6fe4-4e56-9630-a6ab21438244,28,,,ABA,star,circle,circle,triangle,"star,circle,star","circle,triangle",circle,"circle,star,triangle,rectangle",circle,1,1,circle,1,0.6137794000001122,1.3557216274684796,1.2063715594905384,0.9129580684222329,0.7643332615770578,0.9105048768924009,4.149379101625815,484.04260950000025,,,484.55957350000017,486.44402739999987,488.1931147,489.6439300000002,490.94320340000013,492.3933836000001
main_run1,cc2bdacf-6fe4-4e56-9630-a6ab21438244,29,,,ABB,star,circle,star,triangle,"star,circle,circle","star,triangle",triangle,"rectangle,star,circle,triangle",triangle,4,4,triangle,1,0.7819505000002209,1.3879041969585966,1.07502470352921,0.6890567825498979,1.1572381962758829,1.01348186316504,2.9508766454374324,497.193405,,,497.71020850000014,499.6438763000001,501.25965110000016,502.4766918,504.17633190000015,505.72769590000007
main_run2,cc2bdacf-6fe4-4e56-9630-a6ab21438244,30,,,ABA,rectangle,circle,star,rectangle,"rectangle,circle,rectangle","star,rectangle",star,"star,triangle,rectangle,circle",star,1,1,star,1,0.6076506000003974,0.9243459796457599,1.4204331813630886,0.9038732760242885,1.140707443377586,0.7073462061520441,2.5567036186317766,512.5742445000001,,,513.0927830999999,514.5428374000003,516.4935967000001,517.9237790000002,519.5904420000002,520.8433439999999
main_run2,cc2bdacf-6fe4-4e56-9630-a6ab21438244,31,,,ABB,star,rectangle,rectangle,star,"star,rectangle,rectangle","rectangle,star",star,"star,circle,rectangle,triangle",star,1,1,star,1,0.47701680000000124,0.9820085579042245,0.8145351619624901,1.174912720468238,0.9200674139889031,0.6937218931309534,1.3001003170079206,524.0265515000001,,,524.5440314000002,526.0571506000001,527.4100926000001,529.1265800000001,530.5766975000001,531.8275054000001
main_run2,cc2bdacf-6fe4-4e56-9630-a6ab21438244,32,,,ABB,star,circle,rectangle,circle,"star,circle,circle","rectangle,circle",circle,"circle,triangle,star,rectangle",circle,1,1,circle,1,0.5741987000001245,0.5519090828724418,0.9089069766176304,0.9602351934667562,0.6944192172545325,0.6846637629272974,1.9786785635762378,533.641775,,,534.1590354999998,535.2430521000001,536.6940293000002,538.1909759999999,539.4245599999999,540.6414679
main_run2,cc2bdacf-6fe4-4e56-9630-a6ab21438244,33,,,ABB,circle,triangle,triangle,circle,"circle,triangle,triangle","triangle,circle",circle,"rectangle,triangle,circle,star",circle,3,3,circle,1,0.7500012000000424,1.181917893591328,1.002808779466795,1.0578317877221575,0.778420180472034,1.1366642833232117,4.1553959020936695,543.2246518000002,,,543.7405763000002,545.4572908999999,546.9914031000003,548.5738695999999,549.8739046999999,551.5407508000003
main_run2,cc2bdacf-6fe4-4e56-9630-a6ab21438244,34,,,ABA,rectangle,star,circle,rectangle,"rectangle,star,rectangle","circle,rectangle",circle,"triangle,circle,star,rectangle",circle,2,2,circle,1,0.5067324000001463,0.8162791467195536,1.0889518167685497,1.0899640198743885,1.04540775766692,0.983835724790056,1.9137299053929984,556.4738825,,,556.9905349000001,558.3427858,559.9765075999999,561.6091683,563.1934805999999,564.7099546
main_run2,cc2bdacf-6fe4-4e56-9630-a6ab21438244,35,,,ABB,rectangle,triangle,rectangle,star,"rectangle,triangle,triangle","rectangle,star",star,"rectangle,star,circle,triangle",star,2,2,star,1,0.6551816000001054,1.3016437917226387,0.8874392151074012,0.7549479431095474,1.0807197858445865,1.1062609323748207,2.9604260353867513,567.1608925,,,567.6755704000002,569.5106246,570.9435130000002,572.2447977000002,573.8600099,575.5103982
main_run2,cc2bdacf-6fe4-4e56-9630-a6ab21438244,36,,,ABB,rectangle,star,rectangle,triangle,"rectangle,star,star","rectangle,triangle",triangle,"star,circle,triangle,rectangle",triangle,3,3,triangle,1,0.6384039999998095,1.1081345643341876,1.0644622900283955,1.4741890431761502,0.8824719024838423,0.930937707281964,3.174977110417982,579.1606944999999,,,579.6773498000002,581.3254716000001,582.9271394000002,584.9441374000003,586.3575392000002,587.8263006000002
main_run2,cc2bdacf-6fe4-4e56-9630-a6ab21438244,37,,,ABB,triangle,rectangle,rectangle,star,"triangle,rectangle,rectangle","rectangle,star",star,"triangle,rectangle,star,circle",star,3,3,star,1,0.6177012000002833,0.9841686479504338,0.8690818852492275,1.0551126206249433,1.1072778647940158,1.0969064587181483,3.90855295534966,591.6771093000002,,,592.1938448000001,593.7074333999999,595.1082806,596.6935025000002,598.3434465,599.9766945000001
main_run2,cc2bdacf-6fe4-4e56-9630-a6ab21438244,38,,,ABA,triangle,star,rectangle,triangle,"triangle,star,triangle","rectangle,triangle",rectangle,"triangle,star,circle,rectangle",rectangle,4,4,rectangle,1,0.6992491000000882,1.0288144426843626,0.7780273998366827,1.0913231043956586,0.8270369862446141,0.9050793233224174,4.106392509505799,604.5433181999997,,,605.0598047000003,606.6270534000005,607.9424661000003,609.5768761999998,610.9428614999997,612.3933446000001
main_run2,cc2bdacf-6fe4-4e56-9630-a6ab21438244,39,,,ABB,circle,triangle,star,circle,"circle,triangle,triangle","star,circle",circle,"triangle,circle,star,rectangle",circle,2,2,circle,1,0.5959385000005568,1.1496952828989622,0.9860388297132834,0.7542631029762916,1.1395666266312676,0.819924654578773,4.151139033264454,617.2273808,,,617.7440838000002,619.4248951999998,620.9438349000002,622.2283402000003,623.9103708000002,625.2765959999997
main_run2,cc2bdacf-6fe4-4e56-9630-a6ab21438244,40,,,ABB,circle,triangle,circle,triangle,"circle,triangle,triangle","circle,triangle",triangle,"star,circle,triangle,rectangle",triangle,3,3,triangle,1,0.7265942000003633,0.970860862846729,0.8397673023581934,1.1651894690237923,0.8561393401874338,1.205427395344794,2.018977053948226,630.0602845000003,,,630.5768821000001,632.0946456000001,633.4601572000001,635.1590579000003,636.5437383999997,638.2939698
main_run2,cc2bdacf-6fe4-4e56-9630-a6ab21438244,41,,,ABA,triangle,rectangle,circle,star,"triangle,rectangle,triangle","circle,star",circle,"rectangle,circle,triangle,star",circle,2,2,circle,1,0.6893978999996762,1.0338141581386042,0.9313984866952731,1.0810550777096581,0.9240669669803161,1.1311322564246913,3.2460688983770836,641.0757137,,,641.5935337000001,643.158684,644.6270508999996,646.2433434000004,647.7098560000004,649.3771452999999
main_run2,cc2bdacf-6fe4-4e56-9630-a6ab21438244,42,,,ABB,star,rectangle,triangle,circle,"star,rectangle,rectangle","triangle,circle",circle,"star,rectangle,circle,triangle",circle,3,3,circle,1,0.9982670999997936,1.1755322126133902,0.9768307927196139,1.0356470446947095,0.8418139288614579,0.8271157227345477,2.7006404375013138,653.3441175999997,,,653.8601367000001,655.5767685999999,657.0939146999999,658.6573927999998,660.0433757000001,661.4102932000005
main_run2,cc2bdacf-6fe4-4e56-9630-a6ab21438244,43,,,ABB,triangle,rectangle,triangle,circle,"triangle,rectangle,rectangle","triangle,circle",circle,"star,circle,rectangle,triangle",circle,2,2,circle,1,0.7447258000001966,0.8248572014610244,1.1962157017802866,0.7415421710637634,0.888003758212826,0.7531581137785596,2.0652556679210563,665.1436739999999,,,665.6607821999996,667.0274300000001,668.7606674999997,670.0436515000001,671.4574408999997,672.7592475000001
main_run2,cc2bdacf-6fe4-4e56-9630-a6ab21438244,44,,,ABA,circle,triangle,triangle,rectangle,"circle,triangle,circle","triangle,rectangle",triangle,"star,triangle,rectangle,circle",triangle,2,2,triangle,1,0.5505935999999565,1.009176968234299,0.8945122038065219,1.0865397912780108,0.7804328659567631,0.91744708933144,1.7486560678290288,675.6100337999997,,,676.1268582000002,677.6765531000001,679.1104932999997,680.7274152,682.0441290999997,683.4936293000001
main_run2,cc2bdacf-6fe4-4e56-9630-a6ab21438244,45,,,ABB,triangle,star,triangle,circle,"triangle,star,star","triangle,circle",circle,"circle,rectangle,triangle,star",circle,1,1,circle,1,0.720584300000155,1.1518688041559662,0.7844625083965083,0.9664840773177261,0.9705971829925837,0.6798635898577872,2.1277543870541438,685.8276359000001,,,686.3433293999997,688.0275455000001,689.3436646999999,690.8439875000004,692.3441763000001,693.5600602000004
main_run2,cc2bdacf-6fe4-4e56-9630-a6ab21438244,46,,,ABB,triangle,star,rectangle,triangle,"triangle,star,star","rectangle,triangle",triangle,"star,triangle,circle,rectangle",triangle,2,2,triangle,1,0.6412783999994645,0.7739398255821713,1.0481111532333496,0.7980701434182348,1.1587522369967418,1.2856978214020423,4.353705805276066,696.4440305999997,,,696.9612563000001,698.2767761000005,699.8600685000001,701.1942919000003,702.8767202999998,704.6923487000004
main_run2,cc2bdacf-6fe4-4e56-9630-a6ab21438244,47,,,ABB,circle,rectangle,triangle,circle,"circle,rectangle,rectangle","triangle,circle",circle,"circle,triangle,star,rectangle",circle,1,1,circle,1,0.735931499999424,0.7830610330798754,1.2520225987728397,1.0579330255994006,0.6303531343403408,1.2514393280338663,3.915060895761582,709.7092399000003,,,710.2270932000001,711.5442899999998,713.3268451000004,714.9262251999999,716.093852,717.8935237000005
main_run2,cc2bdacf-6fe4-4e56-9630-a6ab21438244,48,,,ABA,circle,star,circle,triangle,"circle,star,circle","circle,triangle",circle,"circle,rectangle,star,triangle",circle,1,1,circle,1,0.5539407999995092,0.6847253080863172,0.8448409677444559,1.04067658360922,1.0660391542187895,1.2094279428335521,2.680391221511364,722.5766266999999,,,723.0940357999998,724.3092739000003,725.6933111999997,727.2606060999997,728.8599688000004,730.6110959999996
main_run2,cc2bdacf-6fe4-4e56-9630-a6ab21438244,49,,,ABB,rectangle,triangle,circle,rectangle,"rectangle,triangle,triangle","circle,rectangle",rectangle,"circle,rectangle,triangle,star",rectangle,2,2,rectangle,1,0.5168011999994633,0.6178080669439481,1.047503861301557,1.5317121630554968,1.2402754330025447,0.8653254410068532,2.0915354669325117,733.8759361000002,,,734.3943119000005,735.5441274000004,737.1274744000002,739.1944008,740.9606930999998,742.3603050000002
main_run2,cc2bdacf-6fe4-4e56-9630-a6ab21438244,50,,,ABA,star,circle,rectangle,star,"star,circle,star","rectangle,star",rectangle,"triangle,rectangle,circle,star",rectangle,2,2,rectangle,1,0.5993406999996296,1.317227558774815,0.8012860574536351,0.9340965403550643,0.8200651273037078,0.7232601168077599,4.37105018358851,745.0100984000001,,,745.5273948000004,747.3775347999999,748.7102304999999,750.1775384000002,751.5269260000005,752.7931195000001
main_run2,cc2bdacf-6fe4-4e56-9630-a6ab21438244,51,,,ABA,circle,triangle,star,triangle,"circle,triangle,circle","star,triangle",star,"star,rectangle,triangle,circle",star,1,1,star,1,0.6111715999995795,1.0565551723098618,1.0887605621489511,0.7920379229941483,1.4255162591928034,0.9943328317259496,2.6468225924890043,757.7931428000002,,,758.3099589000003,759.9097121000004,761.5268053999998,762.8600274,764.8271875,766.3581046999998
main_run2,cc2bdacf-6fe4-4e56-9630-a6ab21438244,52,,,ABB,circle,star,circle,rectangle,"circle,star,star","circle,rectangle",rectangle,"star,circle,rectangle,triangle",rectangle,3,3,rectangle,1,0.7863734000002296,1.055475898734146,0.9333892910882038,0.7412253571387002,0.7664721342641598,0.7343968907046259,2.4464937246809915,769.6437096,,,770.1596602,771.7606850000002,773.2273831000002,774.4939723999996,775.7941028000005,777.0603060000003
main_run2,cc2bdacf-6fe4-4e56-9630-a6ab21438244,53,,,ABA,circle,rectangle,circle,star,"circle,rectangle,circle","circle,star",circle,"rectangle,circle,star,triangle",circle,,,,0,,0.8967425812213666,1.0843301614592376,1.180635836143336,1.1040811903006897,1.0283391880786559,4.135776466399216,780.3268305000001,,,780.8437419000002,782.2772181,783.8936931999997,785.6105552999998,787.2436484,788.8275378999997
main_run2,cc2bdacf-6fe4-4e56-9630-a6ab21438244,54,,,ABB,circle,rectangle,star,rectangle,"circle,rectangle,rectangle","star,rectangle",rectangle,"rectangle,star,triangle,circle",rectangle,1,1,rectangle,1,0.5199549999997544,0.8906249367157754,0.8365643149498607,0.8083852924022352,1.0315218991973873,1.3562797524055406,2.531778841972786,794.9923599000003,,,795.5108296999997,796.9442844000005,798.3101155000004,799.6608380999996,801.2271100999997,803.1275422999997
main_run2,cc2bdacf-6fe4-4e56-9630-a6ab21438244,55,,,ABB,star,triangle,circle,star,"star,triangle,triangle","circle,star",star,"star,circle,rectangle,triangle",star,1,1,star,1,0.6593431000001146,0.8235989627974916,0.8744223760757104,1.0078153638684964,0.7769638208283131,0.8632115752032562,2.573443306947675,806.2097878000004,,,806.7261866999997,808.0770695000001,809.4942871000003,811.0439128999997,812.3605026000005,813.7597401000003
main_run2,cc2bdacf-6fe4-4e56-9630-a6ab21438244,56,,,ABB,rectangle,circle,rectangle,circle,"rectangle,circle,circle","rectangle,circle",circle,"triangle,circle,star,rectangle",circle,2,2,circle,1,0.4722477000004801,1.0039309037790716,1.3738413142992316,0.9733574025484792,1.105617519558051,1.1077048501739195,2.8770121689484887,817.0272684000001,,,817.5434543000001,819.0769820000005,820.9936666000003,822.5112065000003,824.1598982000005,825.8104598
main_run2,cc2bdacf-6fe4-4e56-9630-a6ab21438244,57,,,ABA,rectangle,circle,triangle,circle,"rectangle,circle,rectangle","triangle,circle",triangle,"triangle,circle,star,rectangle",triangle,1,1,triangle,1,0.6258496000000378,1.0327257317612564,0.8873231935204616,0.7461105955373983,1.107897079929554,1.0190762785124303,3.071722099789533,829.1947935999997,,,829.7109429000002,831.2769760000001,832.6943810000002,833.9764157,835.6269712000003,837.1937094000004
main_run2,cc2bdacf-6fe4-4e56-9630-a6ab21438244,58,,,ABA,circle,star,star,rectangle,"circle,star,circle","star,rectangle",star,"circle,star,triangle,rectangle",star,2,2,star,1,0.6113666000001103,0.9079054213835964,1.1070676107125548,0.8422812610149918,0.8435085016044153,1.068067112510826,2.234872753804401,840.9105326999997,,,841.4269284000002,842.8763895000002,844.5099982000002,845.8940671999999,847.2767921000004,848.8767016000002
main_run2,cc2bdacf-6fe4-4e56-9630-a6ab21438244,59,,,ABB,star,circle,triangle,rectangle,"star,circle,circle","triangle,rectangle",rectangle,"rectangle,circle,star,triangle",rectangle,4,4,triangle,0,1.1984583000003113,0.8449332563896533,1.0150901020618055,0.7869453170955951,1.1440044421908255,0.8866647658833908,4.180639165670125,851.7591499999999,,,852.2773116999997,853.6605605000004,855.2089361999997,856.5268212000001,858.2109514000003,859.6440432999998
main_run3,cc2bdacf-6fe4-4e56-9630-a6ab21438244,60,,,ABB,circle,rectangle,circle,rectangle,"circle,rectangle,rectangle","circle,rectangle",rectangle,"rectangle,circle,triangle,star",rectangle,1,1,rectangle,1,0.518202599999313,0.9204474964540986,0.691211652426464,0.9873585302491409,0.9013821481513615,0.8743906590304786,3.702582745151753,969.4590162000004,,,969.9776297999997,971.4270718999996,972.6603416999997,974.1774457000001,975.6096043999996,977.0262984000001
main_run3,cc2bdacf-6fe4-4e56-9630-a6ab21438244,61,,,ABB,rectangle,star,triangle,rectangle,"rectangle,star,star","triangle,rectangle",rectangle,"rectangle,circle,triangle,star",rectangle,1,1,rectangle,1,0.4710543000001053,1.04013827415302,1.1239811053608073,0.7856908600117378,0.7474003009842961,0.7402741435289433,3.1669252885551025,981.2770773000002,,,981.7940285000004,983.3773111999999,985.044148,986.3779150999999,987.6607406000003,988.9443707
main_run3,cc2bdacf-6fe4-4e56-9630-a6ab21438244,62,,,ABA,star,rectangle,rectangle,circle,"star,rectangle,star","rectangle,circle",rectangle,"star,rectangle,triangle,circle",rectangle,2,2,rectangle,1,0.5945351000000301,0.8812089292431724,0.8183982754949476,0.9036781123490116,1.1149800731826929,1.2012440953091974,4.062524322225537,992.6115218000004,,,993.1280851000001,994.5443653000002,995.8940275000004,997.327894,998.9774778999999,1000.7263708
main_run3,cc2bdacf-6fe4-4e56-9630-a6ab21438244,63,,,ABB,star,circle,triangle,star,"star,circle,circle","triangle,star",star,"star,triangle,rectangle,circle",star,1,1,star,1,0.4715956999998525,1.143083347629061,0.7502097395077046,0.8612139683618505,1.0999006762150167,1.217314366207908,2.015614353301456,1005.4275020000005,,,1005.9439984999999,1007.6270278000002,1008.9104749999997,1010.3107952,1011.9441723,1013.6939014999998
main_run3,cc2bdacf-6fe4-4e56-9630-a6ab21438244,64,,,ABB,rectangle,circle,circle,triangle,"rectangle,circle,circle","circle,triangle",triangle,"star,circle,triangle,rectangle",triangle,3,3,triangle,1,0.6665689000001294,0.716729608576524,0.8046677357401835,1.37483928636393,0.9483919924899271,0.9770958769636382,2.635965546341553,1016.2115196000004,,,1016.7274287999999,1017.9764135000005,1019.3105640000003,1021.2254923,1022.7108343999998,1024.2273592000001
main_run3,cc2bdacf-6fe4-4e56-9630-a6ab21438244,65,,,ABA,rectangle,circle,star,triangle,"rectangle,circle,rectangle","star,triangle",star,"circle,star,rectangle,triangle",star,2,2,star,1,0.5830082000002221,0.9943738482439335,0.9265636749946813,0.7920099406008403,0.951100786103034,0.9337360184737644,2.999030502743815,1027.5606134999998,,,1028.0771733000001,1029.6112357000002,1031.0772471999999,1032.4099435999997,1033.8942874000004,1035.3776387999997
main_run3,cc2bdacf-6fe4-4e56-9630-a6ab21438244,66,,,ABB,star,triangle,circle,rectangle,"star,triangle,triangle","circle,rectangle",rectangle,"rectangle,star,circle,triangle",rectangle,1,1,rectangle,1,0.6110469999994166,1.6426002852732244,1.05208335808597,0.8039384087541932,0.7345375638817038,0.8516807970230899,3.224691023965731,1038.9947493,,,1039.5111914,1041.6935869999998,1043.2779337000002,1044.6104458,1045.8759437999997,1047.2579263999996
main_run3,cc2bdacf-6fe4-4e56-9630-a6ab21438244,67,,,ABA,star,triangle,rectangle,star,"star,triangle,star","rectangle,star",rectangle,"triangle,star,circle,rectangle",rectangle,4,4,rectangle,1,0.6117057000001296,0.8284610743347472,1.265558116173319,0.7967363311990343,0.7386671143146795,1.1264126783106805,3.124941856791744,1051.1268630000004,,,1051.6439417000001,1053.0106059,1054.8110769000004,1056.1437600999998,1057.4124930999997,1059.0785752000002
main_run3,cc2bdacf-6fe4-4e56-9630-a6ab21438244,68,,,ABA,triangle,circle,triangle,circle,"triangle,circle,triangle","triangle,circle",triangle,"star,circle,triangle,rectangle",triangle,3,3,triangle,1,0.6577768000006472,0.6957014330352229,1.1906522968273419,1.2476834790058247,1.0824809965334112,1.349042216875898,3.25751120113362,1062.8614691000002,,,1063.3783369000002,1064.6110868000005,1066.3419554000002,1068.1275727000002,1069.7442407999997,1071.6279888
main_run3,cc2bdacf-6fe4-4e56-9630-a6ab21438244,69,,,ABB,triangle,circle,rectangle,circle,"triangle,circle,circle","rectangle,circle",circle,"triangle,circle,star,rectangle",circle,2,2,circle,1,0.5720361000003322,0.9288664393111283,0.7898219466226728,0.9258870397831479,0.8356943205441216,0.6522676373593492,1.8633516329977442,1075.5608600000005,,,1076.0773044999996,1077.5447931999997,1078.8604210000003,1080.3272444000004,1081.6925763,1082.8768950000003
main_run3,cc2bdacf-6fe4-4e56-9630-a6ab21438244,70,,,ABB,triangle,star,triangle,circle,"triangle,star,star","triangle,circle",circle,"triangle,circle,star,rectangle",circle,2,2,circle,1,0.5757133999995858,1.1141012014323617,1.3734549685426127,0.9657481050714051,1.0851868047071656,0.7531425552470394,2.0374682951784138,1085.3446027,,,1085.8601544000003,1087.5110265000003,1089.427369,1090.9281323000005,1092.5449461999997,1093.8452607999998
main_run3,cc2bdacf-6fe4-4e56-9630-a6ab21438244,71,,,ABB,circle,triangle,triangle,rectangle,"circle,triangle,triangle","triangle,rectangle",rectangle,"rectangle,triangle,star,circle",rectangle,1,1,rectangle,1,0.5950205999997706,1.3314855370627057,0.7845604621502044,1.2928620572597298,0.9737247067249761,0.9543463783651231,3.8814658153494364,1096.4953273,,,1097.0110606999997,1098.8772193000004,1100.1944458999997,1102.0279643000003,1103.5277713000005,1105.0285167000002
main_run3,cc2bdacf-6fe4-4e56-9630-a6ab21438244,72,,,ABA,triangle,star,rectangle,star,"triangle,star,triangle","rectangle,star",rectangle,"triangle,circle,rectangle,star",rectangle,3,3,rectangle,1,0.6469420000003083,0.814560063812362,1.0406683873899651,1.0978934195548116,1.0387132107903136,1.2590871700258857,1.5549053389524088,1109.5448476000001,,,1110.0609657000005,1111.4115859000003,1112.9767674000004,1114.6104350000005,1116.1932053,1117.9944677000003
main_run3,cc2bdacf-6fe4-4e56-9630-a6ab21438244,73,,,ABB,triangle,star,triangle,rectangle,"triangle,star,star","triangle,rectangle",rectangle,"triangle,circle,rectangle,star",rectangle,3,3,rectangle,1,0.5497752000001128,0.8042274345748295,1.0604060387459875,0.8462711939218049,1.1984669011051692,0.9373134164908425,2.047304761168799,1120.2279269,,,1120.7443776,1122.0777522999997,1123.6777456999998,1125.0613830000002,1126.8023474000001,1128.2946253999999
main_run3,cc2bdacf-6fe4-4e56-9630-a6ab21438244,74,,,ABA,circle,star,star,rectangle,"circle,star,circle","star,rectangle",star,"circle,triangle,star,rectangle",star,3,3,star,1,0.5294744000002538,0.865742521377061,0.8208396441678425,0.939823155759601,1.0314176977883984,1.2067471999690431,3.969172367736522,1130.9275450000005,,,1131.4434542999998,1132.8449513000005,1134.1941376000004,1135.6611580999997,1137.2275915,1138.9778893000002
main_run3,cc2bdacf-6fe4-4e56-9630-a6ab21438244,75,,,ABA,star,rectangle,circle,star,"star,rectangle,star","circle,star",circle,"circle,triangle,star,rectangle",circle,1,1,circle,1,0.5389838000000964,0.9110371569574942,1.153779307265343,1.3000157573878828,0.709366426351889,1.0551693936693232,4.803722741698732,1143.5106359000001,,,1144.0275401999997,1145.4785406,1147.1777524,1149.0082127000005,1150.2441519000004,1151.8439964999998
main_run3,cc2bdacf-6fe4-4e56-9630-a6ab21438244,76,,,ABB,circle,rectangle,rectangle,star,"circle,rectangle,rectangle","rectangle,star",star,"triangle,star,circle,rectangle",star,2,2,star,1,0.5144560999997339,0.8176879381780725,1.1930777329906965,1.075465530045032,1.523420438283047,1.3073481795432267,3.1755703623189606,1157.2085171999997,,,1157.7261037999997,1159.0766512,1160.8110827,1162.4109604000005,1164.4780022000004,1166.3266396999998
main_run3,cc2bdacf-6fe4-4e56-9630-a6ab21438244,77,,,ABB,rectangle,triangle,circle,star,"rectangle,triangle,triangle","circle,star",star,"triangle,rectangle,star,circle",star,3,3,star,1,0.6456310000003214,1.0596286419292724,0.9553613497669466,0.9905431911814423,1.2325822090465757,1.1401041658530953,1.6897308749590303,1170.0610572000005,,,1170.5778695,1172.1779139,1173.6776753000004,1175.2105947,1176.9776382999999,1178.6615637000004
main_run3,cc2bdacf-6fe4-4e56-9630-a6ab21438244,78,,,ABA,triangle,rectangle,triangle,rectangle,"triangle,rectangle,triangle","triangle,rectangle",triangle,"star,rectangle,triangle,circle",triangle,3,3,triangle,1,0.608256600000459,1.3236789183202153,0.8709823706799278,0.992363336925346,0.8558868504142494,0.9779430732694037,4.20775109069226,1181.0447345000002,,,1181.5604313000003,1183.4278777,1184.8449943000005,1186.3764661000005,1187.7604727999997,1189.2777379
main_run3,cc2bdacf-6fe4-4e56-9630-a6ab21438244,79,,,ABB,star,rectangle,rectangle,circle,"star,rectangle,rectangle","rectangle,circle",circle,"triangle,star,circle,rectangle",circle,3,3,circle,1,0.5940791000002719,0.6926841659834052,0.8741347216061548,0.947370822201796,1.1829601724674776,0.56113447679823,2.6483207239385336,1194.128358,,,1194.6446274999998,1195.8780458,1197.2947165000005,1198.7784879,1200.4946108000004,1201.5939779999999
main_run3,cc2bdacf-6fe4-4e56-9630-a6ab21438244,80,,,ABA,rectangle,triangle,triangle,rectangle,"rectangle,triangle,rectangle","triangle,rectangle",triangle,"triangle,circle,star,rectangle",triangle,1,1,triangle,1,0.530288400000245,0.6035250311683981,1.1194627113459197,1.0023606132325542,0.9454356716587589,1.1886606217511766,2.473487627115861,1204.8785791,,,1205.395254,1206.5265361000002,1208.1783426000002,1209.7113330000002,1211.1939647,1212.9282114999996
main_run3,cc2bdacf-6fe4-4e56-9630-a6ab21438244,81,,,ABB,triangle,circle,rectangle,circle,"triangle,circle,circle","rectangle,circle",circle,"circle,rectangle,triangle,star",circle,1,1,circle,1,0.540100899999743,0.9686435470125351,0.8835580710845115,0.9582839306105428,1.0564494911699711,1.0217253034240406,3.8135380864686104,1215.9605238000004,,,1216.4776807999997,1217.9771391000004,1219.3945826,1220.8962662000004,1222.4778852,1224.0447427999998
main_run3,cc2bdacf-6fe4-4e56-9630-a6ab21438244,82,,,ABA,star,rectangle,star,rectangle,"star,rectangle,star","star,rectangle",star,"star,triangle,rectangle,circle",star,1,1,star,1,0.49302279999938037,0.998681577961176,1.319787963366314,1.4169302427221664,0.7665194059238847,0.719836278784791,2.559723591259258,1228.4281507000005,,,1228.9446768999996,1230.4752293000001,1232.327244,1234.2773930000003,1235.5782658999997,1236.8445388999999
main_run3,cc2bdacf-6fe4-4e56-9630-a6ab21438244,83,,,ABA,triangle,star,triangle,circle,"triangle,star,triangle","triangle,circle",triangle,"star,circle,rectangle,triangle",triangle,4,4,triangle,1,0.49621059999935824,1.1627456012489632,0.8582533837733597,0.7116280676116366,0.9647935241941478,0.8365443539323768,4.119471248316398,1239.9445140999997,,,1240.4602096999997,1242.1609667000002,1243.5447747999997,1244.8025066,1246.2945133000003,1247.6611269000005
main_run3,cc2bdacf-6fe4-4e56-9630-a6ab21438244,84,,,ABA,rectangle,star,circle,star,"rectangle,star,rectangle","circle,star",circle,"circle,rectangle,triangle,star",circle,1,1,circle,1,0.5359418000007281,0.7170207824955968,0.7138412785140364,0.9454900234061941,1.190965283390518,0.7318699795873809,2.822804827029678,1252.3114415,,,1252.8281431000005,1254.0780322,1255.3274721999996,1256.8081270000002,1258.5271119,1259.7938138999998
main_run3,cc2bdacf-6fe4-4e56-9630-a6ab21438244,85,,,ABB,star,rectangle,star,rectangle,"star,rectangle,rectangle","star,rectangle",rectangle,"star,triangle,circle,rectangle",rectangle,4,4,rectangle,1,0.5172234000001481,0.824169770722463,0.9747724235416281,0.8782026167773074,0.8457819625056576,1.1246965898385677,3.8824296764928343,1263.1759412000001,,,1263.6937356999997,1265.0608680000005,1266.5786484,1267.9947009999996,1269.3777897999998,1271.0450511
main_run3,cc2bdacf-6fe4-4e56-9630-a6ab21438244,86,,,ABB,rectangle,triangle,star,circle,"rectangle,triangle,triangle","star,circle",circle,"circle,star,rectangle,triangle",circle,1,1,circle,1,0.5735715999999229,0.9929201733223487,1.2665153074740831,1.0810855631778915,1.0232476266798924,1.0981586961347163,2.521659773766476,1275.478505,,,1275.9946025,1277.5283707999997,1279.3285760999997,1280.9451612000003,1282.5119418000004,1284.1443623000005
main_run3,cc2bdacf-6fe4-4e56-9630-a6ab21438244,87,,,ABA,rectangle,triangle,circle,triangle,"rectangle,triangle,rectangle","circle,triangle",circle,"rectangle,circle,triangle,star",circle,2,2,circle,1,1.1474136000006183,0.6287481392623262,1.0067242070272922,1.296172268925884,0.7353139539439337,0.7827289647930483,1.8277548042850573,1287.2621981000002,,,1287.7761375999999,1288.9449722999998,1290.4950611000004,1292.3277274000002,1293.5917418,1294.9280178
main_run3,cc2bdacf-6fe4-4e56-9630-a6ab21438244,88,,,ABA,triangle,rectangle,circle,rectangle,"triangle,rectangle,triangle","circle,rectangle",circle,"rectangle,circle,star,triangle",circle,2,2,circle,1,0.5016447999996672,1.2416900488534088,1.10870751754579,1.2124342936107508,1.1514020917655714,0.8128325203969793,3.302762722169021,1297.9618845000005,,,1298.4774451000003,1300.2617722000005,1301.9118163000003,1303.6620579,1305.3448116999998,1306.6949233000005
main_run3,cc2bdacf-6fe4-4e56-9630-a6ab21438244,89,,,ABB,triangle,rectangle,circle,triangle,"triangle,rectangle,rectangle","circle,triangle",triangle,"rectangle,triangle,star,circle",triangle,2,2,triangle,1,0.4993443000003026,1.1392629023949314,0.5761292991393949,0.7831386854977697,0.9172199160547637,1.2904519789155147,5.282971670474197,1310.5278447,,,1311.0453858,1312.7119889000005,1313.8272999,1315.1448218000005,1316.5946765999997,1318.4280422000002
main_run4,cc2bdacf-6fe4-4e56-9630-a6ab21438244,90,,,ABA,circle,rectangle,circle,rectangle,"circle,rectangle,circle","circle,rectangle",circle,"rectangle,triangle,star,circle",circle,4,4,circle,1,0.4931896999996752,0.857500930720505,0.9395256940327623,1.2225076505403722,0.7344844298548108,0.9869910591900882,3.742458744135617,1327.4599392999999,,,1327.9772039999998,1329.3600807000003,1330.8447987999998,1332.5951317999998,1333.8610463000005,1335.3946883999997
main_run4,cc2bdacf-6fe4-4e56-9630-a6ab21438244,91,,,ABB,triangle,rectangle,rectangle,star,"triangle,rectangle,rectangle","rectangle,star",star,"circle,triangle,star,rectangle",star,3,3,star,1,0.7237961999999243,0.43253854865087205,1.0892948449397628,1.024652595811904,0.733225329240208,0.9849474301583921,3.5424544126122615,1339.6615305000005,,,1340.1792002000002,1341.1451115,1342.7783717000002,1344.3283586999996,1345.5950988000004,1347.1110150000004
main_run4,cc2bdacf-6fe4-4e56-9630-a6ab21438244,92,,,ABA,circle,star,star,triangle,"circle,star,circle","star,triangle",star,"star,rectangle,circle,triangle",star,1,1,star,1,0.6046899999992092,1.1432549387375106,0.8115129388981532,0.8506052196330958,1.2232137931529337,0.6959269617011594,1.794161948906603,1351.4114256000003,,,1351.9280969000001,1353.610998,1354.9611188,1356.3453965999997,1358.1116228,1359.3448432000005
main_run4,cc2bdacf-6fe4-4e56-9630-a6ab21438244,93,,,ABA,star,rectangle,triangle,circle,"star,rectangle,star","triangle,circle",triangle,"triangle,star,circle,rectangle",triangle,1,1,triangle,1,0.5805013999997755,1.4196756644367041,0.9330293590043742,1.0373414159056935,1.163039051682079,1.0757210965961888,3.1585504823990544,1361.7777633000005,,,1362.2949615999996,1364.2439678,1365.7107183999997,1367.2775817000002,1368.9771449,1370.5949010000004
main_run4,cc2bdacf-6fe4-4e56-9630-a6ab21438244,94,,,ABB,star,rectangle,rectangle,triangle,"star,rectangle,rectangle","rectangle,triangle",triangle,"circle,rectangle,triangle,star",triangle,3,3,triangle,1,0.6204467999996268,0.9678117320706626,0.7834930234862019,0.869055745148273,0.4878720817297172,1.3976420311881022,3.316804266918738,1374.3776360000002,,,1374.8943912000004,1376.3945838,1377.7113627999997,1379.1278460000003,1380.1619490000003,1382.0938327000003
main_run4,cc2bdacf-6fe4-4e56-9630-a6ab21438244,95,,,ABA,triangle,rectangle,circle,triangle,"triangle,rectangle,triangle","circle,triangle",circle,"rectangle,triangle,star,circle",circle,4,4,circle,1,0.6620403000006263,1.1765808262877713,1.1925988580235647,0.638542553912173,1.0082705331065358,1.203988521102593,2.3347425287682757,1386.0624309000004,,,1386.5786500000004,1388.2948219,1390.0280454000003,1391.2117102000002,1392.7456500999997,1394.4953600999997
main_run4,cc2bdacf-6fe4-4e56-9630-a6ab21438244,96,,,ABB,triangle,rectangle,star,circle,"triangle,rectangle,rectangle","star,circle",circle,"triangle,star,circle,rectangle",circle,3,3,circle,1,0.625552599999537,0.8778659994126985,1.1216209717699643,0.9859962893189279,1.2241094538805206,1.088125824382729,2.4454473145012035,1397.5278550000003,,,1398.0436876000003,1399.4612634000005,1401.1121694000003,1402.6271735,1404.3949346,1406.0283135999998
main_run4,cc2bdacf-6fe4-4e56-9630-a6ab21438244,97,,,ABA,star,rectangle,star,triangle,"star,rectangle,star","star,triangle",star,"circle,star,triangle,rectangle",star,2,2,star,1,0.5242227000007915,1.170647121828221,0.6090402222900948,1.5599443578510663,1.1963757216363735,1.1184673341430547,1.9473565944326767,1409.1279524000001,,,1409.6447329000002,1411.3448750999996,1412.4951368000002,1414.5938901999998,1416.3283179999999,1417.9955267000005
main_run4,cc2bdacf-6fe4-4e56-9630-a6ab21438244,98,,,ABA,rectangle,star,triangle,rectangle,"rectangle,star,rectangle","triangle,rectangle",triangle,"triangle,rectangle,circle,star",triangle,1,1,triangle,1,0.5259806000003664,1.07934818088972,1.1959892094850055,0.790662422816478,1.2999529964581469,0.870687080797799,4.081279193167404,1420.4933843999997,,,1421.0110008000001,1422.6287331000003,1424.3614082000004,1425.6782384999997,1427.5110247000002,1428.9283576999997
main_run4,cc2bdacf-6fe4-4e56-9630-a6ab21438244,99,,,ABA,triangle,rectangle,circle,triangle,"triangle,rectangle,triangle","circle,triangle",circle,"circle,triangle,rectangle,star",circle,1,1,circle,1,0.5772094000003563,1.4163849736951244,1.0780664313415589,0.7503947637526165,0.9214441815735168,1.071545961293206,3.4491518671576578,1433.5613937999997,,,1434.0782264,1436.0285131,1437.6442914999998,1438.9280193000004,1440.3949816000004,1442.0116544000002
main_run4,cc2bdacf-6fe4-4e56-9630-a6ab21438244,100,,,ABB,circle,rectangle,star,circle,"circle,rectangle,rectangle","star,circle",circle,"circle,star,rectangle,triangle",circle,1,1,circle,1,0.6250604000006206,0.9335162879699698,1.1913586431419778,1.602439331598654,1.126382314002417,1.1710498677984278,3.9609984476351605,1446.0778541,,,1446.5949165000002,1448.0612406999999,1449.8027613000004,1451.9282511000001,1453.5956674999998,1455.3106186000005
main_run4,cc2bdacf-6fe4-4e56-9630-a6ab21438244,101,,,ABA,star,circle,star,rectangle,"star,circle,star","star,rectangle",star,"triangle,rectangle,circle,star",star,4,4,star,1,0.7295416999995723,0.7727458933231008,0.5985535422395529,1.1413590538759923,0.9354429119435718,1.4853371401928843,3.779528626814058,1459.9262884,,,1460.4445094000002,1461.7444673,1462.8781823,1464.5621954999997,1466.0285364000001,1468.0446913000005
main_run4,cc2bdacf-6fe4-4e56-9630-a6ab21438244,102,,,ABA,circle,rectangle,circle,triangle,"circle,rectangle,circle","circle,triangle",circle,"circle,star,triangle,rectangle",circle,1,1,circle,1,0.4679266999992251,1.144170191255086,1.102960574890364,1.2397403107190896,1.1690888251676101,0.8696815975264739,1.5769693078915556,1472.5948361,,,1473.1129679000005,1474.8031889000004,1476.4469090000002,1478.2114790000005,1479.9112044000003,1481.3284138
main_run4,cc2bdacf-6fe4-4e56-9630-a6ab21438244,103,,,ABA,rectangle,star,rectangle,triangle,"rectangle,star,rectangle","rectangle,triangle",rectangle,"rectangle,circle,triangle,star",rectangle,1,1,rectangle,1,0.4705352999999377,0.9753980097125876,1.3010064161912436,1.1949862651447094,1.0287583136432372,0.6855772576669779,2.2830885730274733,1483.4109492999996,,,1483.9263086,1485.4444480000002,1487.2780679999996,1489.0112102000003,1490.5780561000001,1491.8111043
main_run4,cc2bdacf-6fe4-4e56-9630-a6ab21438244,104,,,ABB,triangle,circle,circle,rectangle,"triangle,circle,circle","circle,rectangle",rectangle,"circle,triangle,rectangle,star",rectangle,3,3,rectangle,1,0.6464781000004223,0.7312130843675874,0.8326115462249872,0.9897495431766306,0.823726238135316,1.1479580775532243,2.841805983850111,1494.5950462,,,1495.1120032999997,1496.3787190000003,1497.7437221999999,1499.2783018999999,1500.6450169999998,1502.3273989
main_run4,cc2bdacf-6fe4-4e56-9630-a6ab21438244,105,,,ABA,rectangle,triangle,rectangle,triangle,"rectangle,triangle,rectangle","rectangle,triangle",rectangle,"rectangle,triangle,circle,star",rectangle,1,1,rectangle,1,0.5407494999999471,0.7822154481171353,0.829700889382223,1.1583276412389583,0.7373623046384066,0.6957272346737521,5.3235318179028805,1505.8620245000002,,,1506.3780763000004,1507.6954127999998,1509.0613239000004,1510.744721,1512.0117003000005,1513.2449101000002
main_run4,cc2bdacf-6fe4-4e56-9630-a6ab21438244,106,,,ABA,triangle,circle,rectangle,triangle,"triangle,circle,triangle","rectangle,triangle",rectangle,"triangle,circle,star,rectangle",rectangle,4,4,rectangle,1,0.6426222000000053,1.2427395037662095,0.8285155347167182,0.931783324740247,1.0575348941545855,1.397910453772019,4.966177564652974,1519.1454027999998,,,1519.6617899000003,1521.4457935,1522.8117393000002,1524.2783639999998,1525.8785766,1527.8272607
main_run4,cc2bdacf-6fe4-4e56-9630-a6ab21438244,107,,,ABA,rectangle,circle,triangle,circle,"rectangle,circle,rectangle","triangle,circle",triangle,"circle,rectangle,triangle,star",triangle,3,3,triangle,1,0.6974249999993845,1.041010529112627,0.9065222135061892,0.6990530814532654,0.4790055517947055,0.9156179481552218,2.3512917727579996,1533.462114,,,1533.9780147000001,1535.5600593,1536.9946271999997,1538.2281279,1539.2445342,1540.6948555
main_run4,cc2bdacf-6fe4-4e56-9630-a6ab21438244,108,,,ABB,star,triangle,circle,rectangle,"star,triangle,triangle","circle,rectangle",rectangle,"star,circle,rectangle,triangle",rectangle,3,3,rectangle,1,0.6309162999996261,1.1852345520805383,0.9325244780884155,0.8765050541289829,1.0765544773390634,0.961546807938667,4.871765061019838,1543.7783996999997,,,1544.2952587,1546.0113748000003,1547.4779446000002,1548.8782245000002,1550.4954143000004,1551.9953967000001
main_run4,cc2bdacf-6fe4-4e56-9630-a6ab21438244,109,,,ABA,triangle,star,rectangle,star,"triangle,star,triangle","rectangle,star",rectangle,"circle,rectangle,triangle,star",rectangle,2,2,rectangle,1,0.6390213999993648,0.9218764658650777,0.8369380250188623,0.9525389139615306,1.204955698323261,0.8836899287511728,3.5509496536384617,1557.5281271000003,,,1558.0449455999997,1559.5111617000002,1560.8781872,1562.3620008999997,1564.1114814000002,1565.5452089
main_run4,cc2bdacf-6fe4-4e56-9630-a6ab21438244,110,,,ABA,star,circle,triangle,star,"star,circle,star","triangle,star",triangle,"triangle,rectangle,circle,star",triangle,1,1,triangle,1,0.5117578999997932,0.992836925889765,1.2900971882821246,0.9761681802730885,1.1499411234327852,0.7463073003262081,2.68926098519843,1569.7613098000002,,,1570.2782642000002,1571.8116245,1573.6281817,1575.1459863,1576.8291178999998,1578.1110565999998
main_run4,cc2bdacf-6fe4-4e56-9630-a6ab21438244,111,,,ABA,circle,star,triangle,star,"circle,star,circle","triangle,star",triangle,"circle,triangle,star,rectangle",triangle,2,2,triangle,1,0.6538818999997602,0.9453550486767686,1.2715664593674865,0.9255926662484653,0.9730675587422297,0.9165336337678714,3.7468299003386,1581.3453232000002,,,1581.8620859000002,1583.3457624000002,1585.1458373000005,1586.6108685999998,1588.1270875999999,1589.5783420999996
main_run4,cc2bdacf-6fe4-4e56-9630-a6ab21438244,112,,,ABB,triangle,star,star,rectangle,"triangle,star,star","star,rectangle",rectangle,"star,rectangle,triangle,circle",rectangle,2,2,rectangle,1,0.5714755999997578,0.7386585113426576,1.039498313949546,1.0073057388261624,1.2526874397230596,0.9640506694698376,3.2797022991676794,1594.0117387,,,1594.5288719999999,1595.8030356999998,1597.3785656999999,1598.9284737999997,1600.7117355,1602.2117365000004
main_run4,cc2bdacf-6fe4-4e56-9630-a6ab21438244,113,,,ABB,rectangle,circle,rectangle,circle,"rectangle,circle,circle","rectangle,circle",circle,"circle,star,triangle,rectangle",circle,1,1,circle,1,0.7609027999997124,1.0060343283049595,0.8102293728075556,0.8308586502024424,1.104682341198497,1.3415115479371764,1.892682177090556,1606.0949653999996,,,1606.6112805000002,1608.1604644999998,1609.5113983,1610.8793124000003,1612.5290581,1614.4108428
main_run4,cc2bdacf-6fe4-4e56-9630-a6ab21438244,114,,,ABA,rectangle,triangle,rectangle,triangle,"rectangle,triangle,rectangle","rectangle,triangle",rectangle,"star,circle,rectangle,triangle",rectangle,3,3,rectangle,1,0.7109909000000698,0.8012424621729467,0.839142460042529,1.1008723506761764,0.9907662852329201,1.2523071720330643,4.025933517719736,1617.1121630999996,,,1617.6277135999999,1618.9618873999998,1620.345464,1621.9786676000003,1623.5120161000004,1625.3118142000003
main_run4,cc2bdacf-6fe4-4e56-9630-a6ab21438244,115,,,ABA,triangle,star,circle,rectangle,"triangle,star,triangle","circle,rectangle",circle,"triangle,rectangle,star,circle",circle,4,4,circle,1,0.573634100000163,0.9071156957955938,1.5217722621078393,0.9800631328449848,1.2156101116322042,1.3356523655477759,2.2351329583354786,1630.0968083999996,,,1630.6117574999998,1632.0620605000004,1634.1285371000004,1635.6454163999997,1637.3952544000003,1639.2775825999997
main_run4,cc2bdacf-6fe4-4e56-9630-a6ab21438244,116,,,ABB,circle,star,rectangle,triangle,"circle,star,star","rectangle,triangle",triangle,"circle,rectangle,star,triangle",triangle,4,4,triangle,1,0.659903600000689,1.0210795735478202,1.1199849041012473,1.1176560176417072,1.2612906128617194,1.078972724671189,1.76510089256814,1642.1122163999999,,,1642.6293956,1644.1784675999997,1645.8290693999998,1647.4789449,1649.2786960000003,1650.9117644999997
main_run4,cc2bdacf-6fe4-4e56-9630-a6ab21438244,117,,,ABA,circle,triangle,rectangle,star,"circle,triangle,circle","rectangle,star",rectangle,"rectangle,star,triangle,circle",rectangle,1,1,rectangle,1,0.5927940999999919,1.0100683573779656,1.0406279579600277,1.220223306920489,1.0834262901218241,1.1856019406218703,2.951277227447542,1653.3786326999998,,,1653.8951108,1655.4455273000003,1657.0284639000001,1658.7780045,1660.3936718000004,1662.1280073999997
main_run4,cc2bdacf-6fe4-4e56-9630-a6ab21438244,118,,,ABB,rectangle,circle,rectangle,triangle,"rectangle,circle,circle","rectangle,triangle",triangle,"circle,rectangle,star,triangle",triangle,4,4,triangle,1,0.5368950999991284,0.9341501500173018,0.9847783411832575,1.1225003748173228,0.9547192172319574,0.698860574985597,2.564883747607559,1665.7122587000003,,,1666.2288023,1667.6951660000004,1669.2115242999998,1670.8780477999999,1672.3777280000004,1673.6113072999997
main_run4,cc2bdacf-6fe4-4e56-9630-a6ab21438244,119,,,ABB,triangle,circle,triangle,star,"triangle,circle,circle","triangle,star",star,"circle,rectangle,triangle,star",star,4,4,star,1,0.6138706000001548,0.7700010126469121,1.0484745099860848,1.3327757353162601,1.1131832165023536,1.0898631002297452,2.243385355053082,1676.7431196999996,,,1677.2619839,1678.5621302,1680.1458309,1682.0117003000005,1683.6614883000002,1685.3115583
