sid,main_trial_idx,rule_type,acc_roll,rt_roll
7ea7ce2b-65c3-4ff4-a9bd-ded1149f0b99,1,ABA,1.0,0.5940054000002419
7ea7ce2b-65c3-4ff4-a9bd-ded1149f0b99,2,ABB,1.0,0.5066410500003258
7ea7ce2b-65c3-4ff4-a9bd-ded1149f0b99,3,ABB,1.0,0.5786255000002711
7ea7ce2b-65c3-4ff4-a9bd-ded1149f0b99,4,ABA,1.0,0.5863154500002565
7ea7ce2b-65c3-4ff4-a9bd-ded1149f0b99,5,ABB,1.0,0.5786255000002711
7ea7ce2b-65c3-4ff4-a9bd-ded1149f0b99,6,ABA,1.0,0.5863154500002565
7ea7ce2b-65c3-4ff4-a9bd-ded1149f0b99,7,ABA,1.0,0.5940054000002419
7ea7ce2b-65c3-4ff4-a9bd-ded1149f0b99,8,ABA,1.0,0.5947703499996351
7ea7ce2b-65c3-4ff4-a9bd-ded1149f0b99,9,ABB,1.0,0.5940054000002419
7ea7ce2b-65c3-4ff4-a9bd-ded1149f0b99,10,ABB,1.0,0.5947703499996351
7ea7ce2b-65c3-4ff4-a9bd-ded1149f0b99,11,ABB,1.0,0.6039069499993275
7ea7ce2b-65c3-4ff4-a9bd-ded1149f0b99,12,ABA,1.0,0.6039069499993275
7ea7ce2b-65c3-4ff4-a9bd-ded1149f0b99,13,ABB,1.0,0.6039069499993275
7ea7ce2b-65c3-4ff4-a9bd-ded1149f0b99,14,ABA,1.0,0.6039069499993275
7ea7ce2b-65c3-4ff4-a9bd-ded1149f0b99,15,ABB,1.0,0.6258744999995542
7ea7ce2b-65c3-4ff4-a9bd-ded1149f0b99,16,ABA,1.0,0.6039069499993275
7ea7ce2b-65c3-4ff4-a9bd-ded1149f0b99,17,ABB,1.0,0.6002779499995086
7ea7ce2b-65c3-4ff4-a9bd-ded1149f0b99,18,ABB,1.0,0.5827740000004269
7ea7ce2b-65c3-4ff4-a9bd-ded1149f0b99,19,ABA,1.0,0.5678923499999655
7ea7ce2b-65c3-4ff4-a9bd-ded1149f0b99,20,ABA,1.0,0.5523020499995255
7ea7ce2b-65c3-4ff4-a9bd-ded1149f0b99,21,ABB,0.9,0.5437754000004134
7ea7ce2b-65c3-4ff4-a9bd-ded1149f0b99,22,ABB,0.9,0.536652600000707
7ea7ce2b-65c3-4ff4-a9bd-ded1149f0b99,23,ABB,0.9,0.536652600000707
7ea7ce2b-65c3-4ff4-a9bd-ded1149f0b99,24,ABA,0.9,0.536652600000707
7ea7ce2b-65c3-4ff4-a9bd-ded1149f0b99,25,ABB,0.9,0.536652600000707
7ea7ce2b-65c3-4ff4-a9bd-ded1149f0b99,26,ABB,0.9,0.5362945000006221
7ea7ce2b-65c3-4ff4-a9bd-ded1149f0b99,27,ABA,0.9,0.5308531000000585
7ea7ce2b-65c3-4ff4-a9bd-ded1149f0b99,28,ABB,0.9,0.5362945000006221
7ea7ce2b-65c3-4ff4-a9bd-ded1149f0b99,29,ABB,0.9,0.5411026000001584
7ea7ce2b-65c3-4ff4-a9bd-ded1149f0b99,30,ABB,0.9,0.5375843000001623
7ea7ce2b-65c3-4ff4-a9bd-ded1149f0b99,31,ABA,1.0,0.5375843000001623
7ea7ce2b-65c3-4ff4-a9bd-ded1149f0b99,32,ABA,1.0,0.547332049999568
7ea7ce2b-65c3-4ff4-a9bd-ded1149f0b99,33,ABA,1.0,0.574587099999917
7ea7ce2b-65c3-4ff4-a9bd-ded1149f0b99,34,ABB,1.0,0.5679995500004225
7ea7ce2b-65c3-4ff4-a9bd-ded1149f0b99,35,ABA,1.0,0.5679995500004225
7ea7ce2b-65c3-4ff4-a9bd-ded1149f0b99,36,ABB,1.0,0.5880296000004819
7ea7ce2b-65c3-4ff4-a9bd-ded1149f0b99,37,ABB,1.0,0.5880296000004819
7ea7ce2b-65c3-4ff4-a9bd-ded1149f0b99,38,ABB,1.0,0.589585700000498
7ea7ce2b-65c3-4ff4-a9bd-ded1149f0b99,39,ABA,1.0,0.5576143500002217
7ea7ce2b-65c3-4ff4-a9bd-ded1149f0b99,40,ABA,1.0,0.5549840000003314
7ea7ce2b-65c3-4ff4-a9bd-ded1149f0b99,41,ABA,1.0,0.5986408500002653
7ea7ce2b-65c3-4ff4-a9bd-ded1149f0b99,42,ABB,1.0,0.5549840000003314
7ea7ce2b-65c3-4ff4-a9bd-ded1149f0b99,43,ABA,1.0,0.5289004500000374
7ea7ce2b-65c3-4ff4-a9bd-ded1149f0b99,44,ABA,1.0,0.5549840000003314
7ea7ce2b-65c3-4ff4-a9bd-ded1149f0b99,45,ABA,1.0,0.5549840000003314
7ea7ce2b-65c3-4ff4-a9bd-ded1149f0b99,46,ABB,1.0,0.5501737000004141
7ea7ce2b-65c3-4ff4-a9bd-ded1149f0b99,47,ABA,1.0,0.5872370999995837
7ea7ce2b-65c3-4ff4-a9bd-ded1149f0b99,48,ABA,1.0,0.5688779000001887
7ea7ce2b-65c3-4ff4-a9bd-ded1149f0b99,49,ABA,1.0,0.5688779000001887
7ea7ce2b-65c3-4ff4-a9bd-ded1149f0b99,50,ABB,1.0,0.5872370999995837
7ea7ce2b-65c3-4ff4-a9bd-ded1149f0b99,51,ABA,1.0,0.5688779000001887
7ea7ce2b-65c3-4ff4-a9bd-ded1149f0b99,52,ABA,1.0,0.5872370999995837
7ea7ce2b-65c3-4ff4-a9bd-ded1149f0b99,53,ABA,1.0,0.6076923499995246
7ea7ce2b-65c3-4ff4-a9bd-ded1149f0b99,54,ABB,1.0,0.6076923499995246
7ea7ce2b-65c3-4ff4-a9bd-ded1149f0b99,55,ABA,0.9,0.6313462999987678
7ea7ce2b-65c3-4ff4-a9bd-ded1149f0b99,56,ABA,0.9,0.6608049999995274
7ea7ce2b-65c3-4ff4-a9bd-ded1149f0b99,57,ABB,0.9,0.6608049999995274
7ea7ce2b-65c3-4ff4-a9bd-ded1149f0b99,58,ABA,0.9,0.6608049999995274
7ea7ce2b-65c3-4ff4-a9bd-ded1149f0b99,59,ABA,0.9,0.6608049999995274
7ea7ce2b-65c3-4ff4-a9bd-ded1149f0b99,60,ABA,0.9,0.6593471999995018
7ea7ce2b-65c3-4ff4-a9bd-ded1149f0b99,61,ABB,0.9,0.6593471999995018
7ea7ce2b-65c3-4ff4-a9bd-ded1149f0b99,62,ABA,0.9,0.6077690999991319
7ea7ce2b-65c3-4ff4-a9bd-ded1149f0b99,63,ABB,0.9,0.6056791999999405
7ea7ce2b-65c3-4ff4-a9bd-ded1149f0b99,64,ABB,0.9,0.5621426500001689
7ea7ce2b-65c3-4ff4-a9bd-ded1149f0b99,65,ABA,1.0,0.5621426500001689
7ea7ce2b-65c3-4ff4-a9bd-ded1149f0b99,66,ABA,1.0,0.550849449999987
7ea7ce2b-65c3-4ff4-a9bd-ded1149f0b99,67,ABA,1.0,0.5621426500001689
7ea7ce2b-65c3-4ff4-a9bd-ded1149f0b99,68,ABB,1.0,0.6087704500005202
7ea7ce2b-65c3-4ff4-a9bd-ded1149f0b99,69,ABA,1.0,0.5621426500001689
7ea7ce2b-65c3-4ff4-a9bd-ded1149f0b99,70,ABA,1.0,0.5539407000005667
7ea7ce2b-65c3-4ff4-a9bd-ded1149f0b99,71,ABA,1.0,0.6035340000007636
7ea7ce2b-65c3-4ff4-a9bd-ded1149f0b99,72,ABB,1.0,0.6470705500005351
7ea7ce2b-65c3-4ff4-a9bd-ded1149f0b99,73,ABA,1.0,0.6035340000007636
7ea7ce2b-65c3-4ff4-a9bd-ded1149f0b99,74,ABB,1.0,0.5896137999998246
7ea7ce2b-65c3-4ff4-a9bd-ded1149f0b99,75,ABA,0.9,0.5896137999998246
7ea7ce2b-65c3-4ff4-a9bd-ded1149f0b99,76,ABB,0.9,0.627740800000538
7ea7ce2b-65c3-4ff4-a9bd-ded1149f0b99,77,ABB,0.9,0.5698268500000268
7ea7ce2b-65c3-4ff4-a9bd-ded1149f0b99,78,ABA,0.9,0.5521991499999785
7ea7ce2b-65c3-4ff4-a9bd-ded1149f0b99,79,ABB,0.8,0.5621918999995614
7ea7ce2b-65c3-4ff4-a9bd-ded1149f0b99,80,ABA,0.8,0.5960198000002492
7ea7ce2b-65c3-4ff4-a9bd-ded1149f0b99,81,ABA,0.8,0.5648630999994566
7ea7ce2b-65c3-4ff4-a9bd-ded1149f0b99,82,ABA,0.8,0.5564598999999362
7ea7ce2b-65c3-4ff4-a9bd-ded1149f0b99,83,ABB,0.7,0.5564598999999362
7ea7ce2b-65c3-4ff4-a9bd-ded1149f0b99,84,ABA,0.7,0.5564598999999362
7ea7ce2b-65c3-4ff4-a9bd-ded1149f0b99,85,ABB,0.8,0.5564598999999362
7ea7ce2b-65c3-4ff4-a9bd-ded1149f0b99,86,ABA,0.8,0.5564598999999362
7ea7ce2b-65c3-4ff4-a9bd-ded1149f0b99,87,ABA,0.8,0.5696050000005926
7ea7ce2b-65c3-4ff4-a9bd-ded1149f0b99,88,ABA,0.8,0.5680434500000047
7ea7ce2b-65c3-4ff4-a9bd-ded1149f0b99,89,ABB,0.9,0.5760627499994371
7ea7ce2b-65c3-4ff4-a9bd-ded1149f0b99,90,ABB,0.9,0.5680434500000047
7ea7ce2b-65c3-4ff4-a9bd-ded1149f0b99,91,ABB,0.9,0.5680434500000047
7ea7ce2b-65c3-4ff4-a9bd-ded1149f0b99,92,ABA,0.9,0.5760627499994371
7ea7ce2b-65c3-4ff4-a9bd-ded1149f0b99,93,ABB,1.0,0.5961426499998197
7ea7ce2b-65c3-4ff4-a9bd-ded1149f0b99,94,ABB,1.0,0.6232446999993044
7ea7ce2b-65c3-4ff4-a9bd-ded1149f0b99,95,ABB,1.0,0.6451254499997958
7ea7ce2b-65c3-4ff4-a9bd-ded1149f0b99,96,ABA,1.0,0.6232446999993044
7ea7ce2b-65c3-4ff4-a9bd-ded1149f0b99,97,ABA,1.0,0.6232446999993044
7ea7ce2b-65c3-4ff4-a9bd-ded1149f0b99,98,ABB,1.0,0.657909649999965
7ea7ce2b-65c3-4ff4-a9bd-ded1149f0b99,99,ABA,1.0,0.6848096500007159
7ea7ce2b-65c3-4ff4-a9bd-ded1149f0b99,100,ABB,1.0,0.6848096500007159
7ea7ce2b-65c3-4ff4-a9bd-ded1149f0b99,101,ABB,1.0,0.6848096500007159
7ea7ce2b-65c3-4ff4-a9bd-ded1149f0b99,102,ABB,1.0,0.6848096500007159
7ea7ce2b-65c3-4ff4-a9bd-ded1149f0b99,103,ABA,1.0,0.6889743500005352
7ea7ce2b-65c3-4ff4-a9bd-ded1149f0b99,104,ABB,1.0,0.6848096500007159
7ea7ce2b-65c3-4ff4-a9bd-ded1149f0b99,105,ABB,1.0,0.6848096500007159
7ea7ce2b-65c3-4ff4-a9bd-ded1149f0b99,106,ABA,1.0,0.6848096500007159
7ea7ce2b-65c3-4ff4-a9bd-ded1149f0b99,107,ABB,1.0,0.6194023000007292
7ea7ce2b-65c3-4ff4-a9bd-ded1149f0b99,108,ABB,1.0,0.5525292000002082
7ea7ce2b-65c3-4ff4-a9bd-ded1149f0b99,109,ABB,1.0,0.5525292000002082
7ea7ce2b-65c3-4ff4-a9bd-ded1149f0b99,110,ABA,1.0,0.5657727500001783
7ea7ce2b-65c3-4ff4-a9bd-ded1149f0b99,111,ABB,1.0,0.5657727500001783
7ea7ce2b-65c3-4ff4-a9bd-ded1149f0b99,112,ABB,1.0,0.5657727500001783
7ea7ce2b-65c3-4ff4-a9bd-ded1149f0b99,113,ABB,1.0,0.5517288000000917
7ea7ce2b-65c3-4ff4-a9bd-ded1149f0b99,114,ABA,1.0,0.5617199499993148
7ea7ce2b-65c3-4ff4-a9bd-ded1149f0b99,115,ABB,0.9,0.5617199499993148
7ea7ce2b-65c3-4ff4-a9bd-ded1149f0b99,116,ABB,0.9,0.5617199499993148
7ea7ce2b-65c3-4ff4-a9bd-ded1149f0b99,117,ABB,0.9,0.5757638999994015
7ea7ce2b-65c3-4ff4-a9bd-ded1149f0b99,118,ABA,0.9,0.5757638999994015
7ea7ce2b-65c3-4ff4-a9bd-ded1149f0b99,119,ABB,0.9,0.5617199499993148
7ea7ce2b-65c3-4ff4-a9bd-ded1149f0b99,120,ABA,0.9,0.5617199499993148
cc2bdacf-6fe4-4e56-9630-a6ab21438244,1,ABA,1.0,0.5826552999997148
cc2bdacf-6fe4-4e56-9630-a6ab21438244,2,ABA,1.0,0.6320961500000521
cc2bdacf-6fe4-4e56-9630-a6ab21438244,3,ABB,1.0,0.6815370000003895
cc2bdacf-6fe4-4e56-9630-a6ab21438244,4,ABB,1.0,0.6677628000002187
cc2bdacf-6fe4-4e56-9630-a6ab21438244,5,ABA,1.0,0.6539886000000479
cc2bdacf-6fe4-4e56-9630-a6ab21438244,6,ABB,1.0,0.6539149499999439
cc2bdacf-6fe4-4e56-9630-a6ab21438244,7,ABB,1.0,0.65384129999984
cc2bdacf-6fe4-4e56-9630-a6ab21438244,8,ABA,1.0,0.6376709999999548
cc2bdacf-6fe4-4e56-9630-a6ab21438244,9,ABA,1.0,0.65384129999984
cc2bdacf-6fe4-4e56-9630-a6ab21438244,10,ABA,1.0,0.6539149499999439
cc2bdacf-6fe4-4e56-9630-a6ab21438244,11,ABB,1.0,0.6583068500001445
cc2bdacf-6fe4-4e56-9630-a6ab21438244,12,ABA,0.9,0.6583068500001445
cc2bdacf-6fe4-4e56-9630-a6ab21438244,13,ABA,0.9,0.6583068500001445
cc2bdacf-6fe4-4e56-9630-a6ab21438244,14,ABB,0.9,0.6582332000000406
cc2bdacf-6fe4-4e56-9630-a6ab21438244,15,ABB,0.9,0.6538932000000841
cc2bdacf-6fe4-4e56-9630-a6ab21438244,16,ABB,0.9,0.6538932000000841
cc2bdacf-6fe4-4e56-9630-a6ab21438244,17,ABA,0.9,0.6656898500002626
cc2bdacf-6fe4-4e56-9630-a6ab21438244,18,ABB,0.9,0.6656898500002626
cc2bdacf-6fe4-4e56-9630-a6ab21438244,19,ABB,0.9,0.6569579500001055
cc2bdacf-6fe4-4e56-9630-a6ab21438244,20,ABA,0.9,0.6569579500001055
cc2bdacf-6fe4-4e56-9630-a6ab21438244,21,ABB,0.9,0.6612400999999863
cc2bdacf-6fe4-4e56-9630-a6ab21438244,22,ABA,1.0,0.6338909999999487
cc2bdacf-6fe4-4e56-9630-a6ab21438244,23,ABA,1.0,0.6328903999999511
cc2bdacf-6fe4-4e56-9630-a6ab21438244,24,ABA,1.0,0.6328903999999511
cc2bdacf-6fe4-4e56-9630-a6ab21438244,25,ABB,1.0,0.63868054999989
cc2bdacf-6fe4-4e56-9630-a6ab21438244,26,ABA,1.0,0.6536561000000347
cc2bdacf-6fe4-4e56-9630-a6ab21438244,27,ABB,1.0,0.63868054999989
cc2bdacf-6fe4-4e56-9630-a6ab21438244,28,ABA,1.0,0.63868054999989
cc2bdacf-6fe4-4e56-9630-a6ab21438244,29,ABA,1.0,0.63868054999989
cc2bdacf-6fe4-4e56-9630-a6ab21438244,30,ABB,1.0,0.63868054999989
cc2bdacf-6fe4-4e56-9630-a6ab21438244,31,ABA,1.0,0.6284108499999093
cc2bdacf-6fe4-4e56-9630-a6ab21438244,32,ABB,1.0,0.6239901999999802
cc2bdacf-6fe4-4e56-9630-a6ab21438244,33,ABB,1.0,0.6107150000002548
cc2bdacf-6fe4-4e56-9630-a6ab21438244,34,ABB,1.0,0.6107150000002548
cc2bdacf-6fe4-4e56-9630-a6ab21438244,35,ABA,1.0,0.590924650000261
cc2bdacf-6fe4-4e56-9630-a6ab21438244,36,ABB,1.0,0.590924650000261
cc2bdacf-6fe4-4e56-9630-a6ab21438244,37,ABB,1.0,0.6107150000002548
cc2bdacf-6fe4-4e56-9630-a6ab21438244,38,ABB,1.0,0.6157403000001977
cc2bdacf-6fe4-4e56-9630-a6ab21438244,39,ABA,1.0,0.6280526000000464
cc2bdacf-6fe4-4e56-9630-a6ab21438244,40,ABB,1.0,0.6126759000003403
cc2bdacf-6fe4-4e56-9630-a6ab21438244,41,ABB,1.0,0.6280526000000464
cc2bdacf-6fe4-4e56-9630-a6ab21438244,42,ABA,1.0,0.6467927999999574
cc2bdacf-6fe4-4e56-9630-a6ab21438244,43,ABB,1.0,0.6722897499998908
cc2bdacf-6fe4-4e56-9630-a6ab21438244,44,ABB,1.0,0.6722897499998908
cc2bdacf-6fe4-4e56-9630-a6ab21438244,45,ABA,1.0,0.6722897499998908
cc2bdacf-6fe4-4e56-9630-a6ab21438244,46,ABB,1.0,0.6943234999998822
cc2bdacf-6fe4-4e56-9630-a6ab21438244,47,ABB,1.0,0.6943234999998822
cc2bdacf-6fe4-4e56-9630-a6ab21438244,48,ABB,1.0,0.7099167000001216
cc2bdacf-6fe4-4e56-9630-a6ab21438244,49,ABA,1.0,0.7049910999999156
cc2bdacf-6fe4-4e56-9630-a6ab21438244,50,ABB,1.0,0.7049910999999156
cc2bdacf-6fe4-4e56-9630-a6ab21438244,51,ABA,1.0,0.6653381499995703
cc2bdacf-6fe4-4e56-9630-a6ab21438244,52,ABA,1.0,0.626224999999522
cc2bdacf-6fe4-4e56-9630-a6ab21438244,53,ABB,1.0,0.626224999999522
cc2bdacf-6fe4-4e56-9630-a6ab21438244,54,ABA,0.9,0.6052561499996045
cc2bdacf-6fe4-4e56-9630-a6ab21438244,55,ABB,0.9,0.6052561499996045
cc2bdacf-6fe4-4e56-9630-a6ab21438244,56,ABB,0.9,0.6052561499996045
cc2bdacf-6fe4-4e56-9630-a6ab21438244,57,ABB,0.9,0.5766407499995694
cc2bdacf-6fe4-4e56-9630-a6ab21438244,58,ABA,0.9,0.5766407499995694
cc2bdacf-6fe4-4e56-9630-a6ab21438244,59,ABA,0.9,0.6052561499996045
cc2bdacf-6fe4-4e56-9630-a6ab21438244,60,ABB,0.8,0.6112690999998449
cc2bdacf-6fe4-4e56-9630-a6ab21438244,61,ABB,0.8,0.6112690999998449
cc2bdacf-6fe4-4e56-9630-a6ab21438244,62,ABB,0.8,0.5656607999999324
cc2bdacf-6fe4-4e56-9630-a6ab21438244,63,ABA,0.8,0.5572450499998922
cc2bdacf-6fe4-4e56-9630-a6ab21438244,64,ABB,0.9,0.5572450499998922
cc2bdacf-6fe4-4e56-9630-a6ab21438244,65,ABB,0.9,0.6029508500000702
cc2bdacf-6fe4-4e56-9630-a6ab21438244,66,ABA,0.9,0.5887716500001261
cc2bdacf-6fe4-4e56-9630-a6ab21438244,67,ABB,0.9,0.6027910499997233
cc2bdacf-6fe4-4e56-9630-a6ab21438244,68,ABA,0.9,0.6027910499997233
cc2bdacf-6fe4-4e56-9630-a6ab21438244,69,ABA,0.9,0.6027910499997233
cc2bdacf-6fe4-4e56-9630-a6ab21438244,70,ABB,1.0,0.5887716500001261
cc2bdacf-6fe4-4e56-9630-a6ab21438244,71,ABB,1.0,0.5887716500001261
cc2bdacf-6fe4-4e56-9630-a6ab21438244,72,ABB,1.0,0.5947778499999004
cc2bdacf-6fe4-4e56-9630-a6ab21438244,73,ABA,1.0,0.6030337999995936
cc2bdacf-6fe4-4e56-9630-a6ab21438244,74,ABB,1.0,0.6030337999995936
cc2bdacf-6fe4-4e56-9630-a6ab21438244,75,ABA,1.0,0.5890143999999964
cc2bdacf-6fe4-4e56-9630-a6ab21438244,76,ABA,1.0,0.5853669999996782
cc2bdacf-6fe4-4e56-9630-a6ab21438244,77,ABB,1.0,0.573874749999959
cc2bdacf-6fe4-4e56-9630-a6ab21438244,78,ABB,1.0,0.573874749999959
cc2bdacf-6fe4-4e56-9630-a6ab21438244,79,ABA,1.0,0.573874749999959
cc2bdacf-6fe4-4e56-9630-a6ab21438244,80,ABB,1.0,0.5848962499999288
cc2bdacf-6fe4-4e56-9630-a6ab21438244,81,ABA,1.0,0.5719271500001923
cc2bdacf-6fe4-4e56-9630-a6ab21438244,82,ABB,1.0,0.5449380499999279
cc2bdacf-6fe4-4e56-9630-a6ab21438244,83,ABA,1.0,0.5395423499999197
cc2bdacf-6fe4-4e56-9630-a6ab21438244,84,ABA,1.0,0.5346361000001707
cc2bdacf-6fe4-4e56-9630-a6ab21438244,85,ABA,1.0,0.5374628000004122
cc2bdacf-6fe4-4e56-9630-a6ab21438244,86,ABB,1.0,0.5331151000004866
cc2bdacf-6fe4-4e56-9630-a6ab21438244,87,ABB,1.0,0.5380213500002355
cc2bdacf-6fe4-4e56-9630-a6ab21438244,88,ABA,1.0,0.5380213500002355
cc2bdacf-6fe4-4e56-9630-a6ab21438244,89,ABA,1.0,0.5331151000004866
cc2bdacf-6fe4-4e56-9630-a6ab21438244,90,ABB,1.0,0.5237559000001966
cc2bdacf-6fe4-4e56-9630-a6ab21438244,91,ABA,1.0,0.5094340999999076
cc2bdacf-6fe4-4e56-9630-a6ab21438244,92,ABB,1.0,0.5094340999999076
cc2bdacf-6fe4-4e56-9630-a6ab21438244,93,ABA,1.0,0.5265826000004381
cc2bdacf-6fe4-4e56-9630-a6ab21438244,94,ABA,1.0,0.5547567000003255
cc2bdacf-6fe4-4e56-9630-a6ab21438244,95,ABB,1.0,0.5770364999998492
cc2bdacf-6fe4-4e56-9630-a6ab21438244,96,ABA,1.0,0.5925956999994924
cc2bdacf-6fe4-4e56-9630-a6ab21438244,97,ABB,1.0,0.612568399999418
cc2bdacf-6fe4-4e56-9630-a6ab21438244,98,ABA,1.0,0.5925956999994924
cc2bdacf-6fe4-4e56-9630-a6ab21438244,99,ABA,1.0,0.5925956999994924
cc2bdacf-6fe4-4e56-9630-a6ab21438244,100,ABA,1.0,0.5925956999994924
cc2bdacf-6fe4-4e56-9630-a6ab21438244,101,ABB,1.0,0.612568399999418
cc2bdacf-6fe4-4e56-9630-a6ab21438244,102,ABA,1.0,0.612568399999418
cc2bdacf-6fe4-4e56-9630-a6ab21438244,103,ABA,1.0,0.6004740999997011
cc2bdacf-6fe4-4e56-9630-a6ab21438244,104,ABA,1.0,0.5988280999999915
cc2bdacf-6fe4-4e56-9630-a6ab21438244,105,ABB,1.0,0.6011349000004884
cc2bdacf-6fe4-4e56-9630-a6ab21438244,106,ABA,1.0,0.5589794500001517
cc2bdacf-6fe4-4e56-9630-a6ab21438244,107,ABA,1.0,0.5589794500001517
cc2bdacf-6fe4-4e56-9630-a6ab21438244,108,ABA,1.0,0.6011349000004884
cc2bdacf-6fe4-4e56-9630-a6ab21438244,109,ABB,1.0,0.6279883500001233
cc2bdacf-6fe4-4e56-9630-a6ab21438244,110,ABA,1.0,0.6349688499994954
cc2bdacf-6fe4-4e56-9630-a6ab21438244,111,ABA,1.0,0.6349688499994954
cc2bdacf-6fe4-4e56-9630-a6ab21438244,112,ABA,1.0,0.6349688499994954
cc2bdacf-6fe4-4e56-9630-a6ab21438244,113,ABB,1.0,0.6349688499994954
cc2bdacf-6fe4-4e56-9630-a6ab21438244,114,ABB,1.0,0.640821799999685
cc2bdacf-6fe4-4e56-9630-a6ab21438244,115,ABA,1.0,0.640821799999685
cc2bdacf-6fe4-4e56-9630-a6ab21438244,116,ABA,1.0,0.640821799999685
cc2bdacf-6fe4-4e56-9630-a6ab21438244,117,ABB,1.0,0.6464516499995625
cc2bdacf-6fe4-4e56-9630-a6ab21438244,118,ABA,1.0,0.6349688499994954
cc2bdacf-6fe4-4e56-9630-a6ab21438244,119,ABB,1.0,0.6159077499996783
cc2bdacf-6fe4-4e56-9630-a6ab21438244,120,ABB,1.0,0.6033323500000733
e3f4c2c2-e078-42a1-970c-cc7833d2a7b2,1,ABA,1.0,0.4666675416810903
e3f4c2c2-e078-42a1-970c-cc7833d2a7b2,2,ABB,1.0,0.4864733750000596
e3f4c2c2-e078-42a1-970c-cc7833d2a7b2,3,ABA,1.0,0.5062792083190288
e3f4c2c2-e078-42a1-970c-cc7833d2a7b2,4,ABB,1.0,0.5172197291540215
e3f4c2c2-e078-42a1-970c-cc7833d2a7b2,5,ABB,1.0,0.5281602499890141
e3f4c2c2-e078-42a1-970c-cc7833d2a7b2,6,ABB,1.0,0.5172197291540215
e3f4c2c2-e078-42a1-970c-cc7833d2a7b2,7,ABA,1.0,0.5101732916664332
e3f4c2c2-e078-42a1-970c-cc7833d2a7b2,8,ABB,1.0,0.515315354190534
e3f4c2c2-e078-42a1-970c-cc7833d2a7b2,9,ABA,1.0,0.5101732916664332
e3f4c2c2-e078-42a1-970c-cc7833d2a7b2,10,ABB,1.0,0.515315354190534
e3f4c2c2-e078-42a1-970c-cc7833d2a7b2,11,ABA,1.0,0.515315354190534
e3f4c2c2-e078-42a1-970c-cc7833d2a7b2,12,ABB,1.0,0.5218254791834624
e3f4c2c2-e078-42a1-970c-cc7833d2a7b2,13,ABB,1.0,0.5153752500191331
e3f4c2c2-e078-42a1-970c-cc7833d2a7b2,14,ABB,1.0,0.5108372291579144
e3f4c2c2-e078-42a1-970c-cc7833d2a7b2,15,ABA,1.0,0.5102331874950323
e3f4c2c2-e078-42a1-970c-cc7833d2a7b2,16,ABA,1.0,0.5102331874950323
e3f4c2c2-e078-42a1-970c-cc7833d2a7b2,17,ABA,1.0,0.5108372291579144
e3f4c2c2-e078-42a1-970c-cc7833d2a7b2,18,ABB,1.0,0.5108372291579144
e3f4c2c2-e078-42a1-970c-cc7833d2a7b2,19,ABA,1.0,0.5108372291579144
e3f4c2c2-e078-42a1-970c-cc7833d2a7b2,20,ABA,1.0,0.5084867499826942
e3f4c2c2-e078-42a1-970c-cc7833d2a7b2,21,ABA,1.0,0.5108372291579144
e3f4c2c2-e078-42a1-970c-cc7833d2a7b2,22,ABB,1.0,0.5108372291579144
e3f4c2c2-e078-42a1-970c-cc7833d2a7b2,23,ABA,1.0,0.5283659166598227
e3f4c2c2-e078-42a1-970c-cc7833d2a7b2,24,ABA,1.0,0.5490845416643424
e3f4c2c2-e078-42a1-970c-cc7833d2a7b2,25,ABA,1.0,0.5490845416643424
e3f4c2c2-e078-42a1-970c-cc7833d2a7b2,26,ABB,1.0,0.5515512291749474
e3f4c2c2-e078-42a1-970c-cc7833d2a7b2,27,ABA,1.0,0.5515512291749474
e3f4c2c2-e078-42a1-970c-cc7833d2a7b2,28,ABA,1.0,0.547817145838053
e3f4c2c2-e078-42a1-970c-cc7833d2a7b2,29,ABB,1.0,0.5532736250315793
e3f4c2c2-e078-42a1-970c-cc7833d2a7b2,30,ABA,1.0,0.5532736250315793
e3f4c2c2-e078-42a1-970c-cc7833d2a7b2,31,ABA,1.0,0.547817145838053
e3f4c2c2-e078-42a1-970c-cc7833d2a7b2,32,ABA,1.0,0.5360237291606609
e3f4c2c2-e078-42a1-970c-cc7833d2a7b2,33,ABB,1.0,0.5242128749960102
e3f4c2c2-e078-42a1-970c-cc7833d2a7b2,34,ABB,1.0,0.5171832916530548
e3f4c2c2-e078-42a1-970c-cc7833d2a7b2,35,ABA,1.0,0.5171832916530548
e3f4c2c2-e078-42a1-970c-cc7833d2a7b2,36,ABB,1.0,0.5123294791555963
e3f4c2c2-e078-42a1-970c-cc7833d2a7b2,37,ABA,1.0,0.5105171250033891
e3f4c2c2-e078-42a1-970c-cc7833d2a7b2,38,ABB,1.0,0.5105171250033891
e3f4c2c2-e078-42a1-970c-cc7833d2a7b2,39,ABB,1.0,0.5105171250033891
e3f4c2c2-e078-42a1-970c-cc7833d2a7b2,40,ABA,1.0,0.5099501041549956
e3f4c2c2-e078-42a1-970c-cc7833d2a7b2,41,ABB,1.0,0.5056345833290834
e3f4c2c2-e078-42a1-970c-cc7833d2a7b2,42,ABA,1.0,0.5056345833290834
e3f4c2c2-e078-42a1-970c-cc7833d2a7b2,43,ABB,1.0,0.5056345833290834
e3f4c2c2-e078-42a1-970c-cc7833d2a7b2,44,ABB,1.0,0.5022466458322015
e3f4c2c2-e078-42a1-970c-cc7833d2a7b2,45,ABA,1.0,0.49874058332352433
e3f4c2c2-e078-42a1-970c-cc7833d2a7b2,46,ABB,1.0,0.49874058332352433
e3f4c2c2-e078-42a1-970c-cc7833d2a7b2,47,ABA,1.0,0.49874058332352433
e3f4c2c2-e078-42a1-970c-cc7833d2a7b2,48,ABA,1.0,0.49874058332352433
e3f4c2c2-e078-42a1-970c-cc7833d2a7b2,49,ABB,1.0,0.4958760000154143
e3f4c2c2-e078-42a1-970c-cc7833d2a7b2,50,ABB,1.0,0.49874058332352433
e3f4c2c2-e078-42a1-970c-cc7833d2a7b2,51,ABB,1.0,0.49874058332352433
e3f4c2c2-e078-42a1-970c-cc7833d2a7b2,52,ABA,1.0,0.48906370835902635
e3f4c2c2-e078-42a1-970c-cc7833d2a7b2,53,ABB,1.0,0.48906370835902635
e3f4c2c2-e078-42a1-970c-cc7833d2a7b2,54,ABB,1.0,0.48742245833273046
e3f4c2c2-e078-42a1-970c-cc7833d2a7b2,55,ABA,1.0,0.4788031458592741
e3f4c2c2-e078-42a1-970c-cc7833d2a7b2,56,ABA,1.0,0.4788031458592741
e3f4c2c2-e078-42a1-970c-cc7833d2a7b2,57,ABA,1.0,0.4788031458592741
e3f4c2c2-e078-42a1-970c-cc7833d2a7b2,58,ABB,1.0,0.4736590833344962
e3f4c2c2-e078-42a1-970c-cc7833d2a7b2,59,ABA,1.0,0.46696747916575987
e3f4c2c2-e078-42a1-970c-cc7833d2a7b2,60,ABA,1.0,0.46696747916575987
e3f4c2c2-e078-42a1-970c-cc7833d2a7b2,61,ABB,1.0,0.477838624996366
e3f4c2c2-e078-42a1-970c-cc7833d2a7b2,62,ABB,1.0,0.4735810208512703
e3f4c2c2-e078-42a1-970c-cc7833d2a7b2,63,ABB,1.0,0.4735810208512703
e3f4c2c2-e078-42a1-970c-cc7833d2a7b2,64,ABA,1.0,0.46856641669000965
e3f4c2c2-e078-42a1-970c-cc7833d2a7b2,65,ABB,1.0,0.47943756252061576
e3f4c2c2-e078-42a1-970c-cc7833d2a7b2,66,ABB,1.0,0.4852123541786568
e3f4c2c2-e078-42a1-970c-cc7833d2a7b2,67,ABA,1.0,0.49097629166499246
e3f4c2c2-e078-42a1-970c-cc7833d2a7b2,68,ABA,1.0,0.49097629166499246
e3f4c2c2-e078-42a1-970c-cc7833d2a7b2,69,ABA,1.0,0.49097629166499246
e3f4c2c2-e078-42a1-970c-cc7833d2a7b2,70,ABB,1.0,0.49573049998434726
e3f4c2c2-e078-42a1-970c-cc7833d2a7b2,71,ABA,1.0,0.4943600833357777
e3f4c2c2-e078-42a1-970c-cc7833d2a7b2,72,ABB,1.0,0.4962215833365917
e3f4c2c2-e078-42a1-970c-cc7833d2a7b2,73,ABB,1.0,0.4943600833357777
e3f4c2c2-e078-42a1-970c-cc7833d2a7b2,74,ABA,1.0,0.4943600833357777
e3f4c2c2-e078-42a1-970c-cc7833d2a7b2,75,ABA,1.0,0.4943600833357777
e3f4c2c2-e078-42a1-970c-cc7833d2a7b2,76,ABB,1.0,0.4808400208421517
e3f4c2c2-e078-42a1-970c-cc7833d2a7b2,77,ABA,1.0,0.45941843748732936
e3f4c2c2-e078-42a1-970c-cc7833d2a7b2,78,ABB,1.0,0.4808400208421517
e3f4c2c2-e078-42a1-970c-cc7833d2a7b2,79,ABA,1.0,0.4808400208421517
e3f4c2c2-e078-42a1-970c-cc7833d2a7b2,80,ABA,1.0,0.4808400208421517
e3f4c2c2-e078-42a1-970c-cc7833d2a7b2,81,ABA,1.0,0.46479593751428183
e3f4c2c2-e078-42a1-970c-cc7833d2a7b2,82,ABB,1.0,0.46479593751428183
e3f4c2c2-e078-42a1-970c-cc7833d2a7b2,83,ABA,1.0,0.46479593751428183
e3f4c2c2-e078-42a1-970c-cc7833d2a7b2,84,ABB,1.0,0.4871278333448572
e3f4c2c2-e078-42a1-970c-cc7833d2a7b2,85,ABA,1.0,0.46890652083675377
e3f4c2c2-e078-42a1-970c-cc7833d2a7b2,86,ABB,1.0,0.4875935208547162
e3f4c2c2-e078-42a1-970c-cc7833d2a7b2,87,ABB,1.0,0.4875935208547162
e3f4c2c2-e078-42a1-970c-cc7833d2a7b2,88,ABA,1.0,0.47597914584912354
e3f4c2c2-e078-42a1-970c-cc7833d2a7b2,89,ABB,1.0,0.4871086250204826
e3f4c2c2-e078-42a1-970c-cc7833d2a7b2,90,ABB,1.0,0.47597914584912354
e3f4c2c2-e078-42a1-970c-cc7833d2a7b2,91,ABA,1.0,0.47597914584912354
e3f4c2c2-e078-42a1-970c-cc7833d2a7b2,92,ABB,1.0,0.47597914584912354
e3f4c2c2-e078-42a1-970c-cc7833d2a7b2,93,ABB,1.0,0.4871086250204826
e3f4c2c2-e078-42a1-970c-cc7833d2a7b2,94,ABB,1.0,0.47597914584912354
e3f4c2c2-e078-42a1-970c-cc7833d2a7b2,95,ABA,1.0,0.47865133333834814
e3f4c2c2-e078-42a1-970c-cc7833d2a7b2,96,ABB,1.0,0.47865133333834814
e3f4c2c2-e078-42a1-970c-cc7833d2a7b2,97,ABB,1.0,0.483632020841469
e3f4c2c2-e078-42a1-970c-cc7833d2a7b2,98,ABB,1.0,0.47969727082818275
e3f4c2c2-e078-42a1-970c-cc7833d2a7b2,99,ABA,1.0,0.4628171666554408
e3f4c2c2-e078-42a1-970c-cc7833d2a7b2,100,ABA,1.0,0.47969727082818275
e3f4c2c2-e078-42a1-970c-cc7833d2a7b2,101,ABA,1.0,0.47969727082818275
e3f4c2c2-e078-42a1-970c-cc7833d2a7b2,102,ABB,1.0,0.47969727082818275
e3f4c2c2-e078-42a1-970c-cc7833d2a7b2,103,ABA,1.0,0.47582027081807604
e3f4c2c2-e078-42a1-970c-cc7833d2a7b2,104,ABB,1.0,0.4808009583211969
e3f4c2c2-e078-42a1-970c-cc7833d2a7b2,105,ABA,1.0,0.484990729164565
e3f4c2c2-e078-42a1-970c-cc7833d2a7b2,106,ABB,1.0,0.4923126666690223
e3f4c2c2-e078-42a1-970c-cc7833d2a7b2,107,ABA,1.0,0.49305089583504014
e3f4c2c2-e078-42a1-970c-cc7833d2a7b2,108,ABB,1.0,0.4968677291617496
e3f4c2c2-e078-42a1-970c-cc7833d2a7b2,109,ABB,1.0,0.4968677291617496
e3f4c2c2-e078-42a1-970c-cc7833d2a7b2,110,ABB,1.0,0.4898178958246717
e3f4c2c2-e078-42a1-970c-cc7833d2a7b2,111,ABA,1.0,0.4898178958246717
e3f4c2c2-e078-42a1-970c-cc7833d2a7b2,112,ABB,1.0,0.48600106249796227
e3f4c2c2-e078-42a1-970c-cc7833d2a7b2,113,ABB,1.0,0.48606087498774286
e3f4c2c2-e078-42a1-970c-cc7833d2a7b2,114,ABA,1.0,0.4853633124876069
e3f4c2c2-e078-42a1-970c-cc7833d2a7b2,115,ABA,1.0,0.48606087498774286
e3f4c2c2-e078-42a1-970c-cc7833d2a7b2,116,ABB,1.0,0.48606087498774286
e3f4c2c2-e078-42a1-970c-cc7833d2a7b2,117,ABA,1.0,0.47978479163430165
e3f4c2c2-e078-42a1-970c-cc7833d2a7b2,118,ABB,1.0,0.4708508333133068
e3f4c2c2-e078-42a1-970c-cc7833d2a7b2,119,ABA,0.9,0.4708508333133068
e3f4c2c2-e078-42a1-970c-cc7833d2a7b2,120,ABA,0.9,0.4695506041753106
