block,sid,trial,sample_stim,isi_condition,rule_type,A_stim,B_stim,A_prime,B_prime,rule_sequence,test_sequence,correct_next_stim,slot_mapping,correct_stim,response_key,response_slot,response_stim,correct,rt,isi1,isi2,isi3,isi4,isi5,iti,t_fixation,t_sample,t_delay,t_rule1,t_rule2,t_rule3,t_test1,t_test2,t_response
WM,e3f4c2c2-e078-42a1-970c-cc7833d2a7b2,0,rectangle,2.5,,,,,,,,,"rectangle,circle,star,triangle",rectangle,1,1,rectangle,1,0.4305529583361931,,,,,,,133.36534687498352,133.89752724999562,134.40548554164707,,,,,,136.92808095834334
WM,e3f4c2c2-e078-42a1-970c-cc7833d2a7b2,1,rectangle,1.0,,,,,,,,,"star,circle,rectangle,triangle",rectangle,2,2,circle,0,0.4861587083141785,,,,,,,137.362091374991,137.86900108333793,138.37924558331724,,,,,,139.39538999999058
WM,e3f4c2c2-e078-42a1-970c-cc7833d2a7b2,2,circle,1.0,,,,,,,,,"triangle,rectangle,star,circle",circle,4,4,circle,1,0.47487350000301376,,,,,,,139.88430941663682,140.39201349997893,140.9019734999747,,,,,,141.9158027083322
WM,e3f4c2c2-e078-42a1-970c-cc7833d2a7b2,3,circle,1.0,,,,,,,,,"triangle,star,rectangle,circle",circle,4,4,circle,1,0.46475508334697224,,,,,,,142.3931357083202,142.89995766663924,143.40669762497419,,,,,,144.4238077083428
WM,e3f4c2c2-e078-42a1-970c-cc7833d2a7b2,4,star,2.5,,,,,,,,,"circle,star,triangle,rectangle",star,2,2,star,1,0.5138647083658725,,,,,,,144.89073424998787,145.40010491665453,145.91000249999342,,,,,,148.42317312498926
WM,e3f4c2c2-e078-42a1-970c-cc7833d2a7b2,5,triangle,2.5,,,,,,,,,"star,rectangle,circle,triangle",triangle,4,4,triangle,1,0.5268940000096336,,,,,,,148.93957891664468,149.44450333333225,149.95264383332687,,,,,,152.46973641664954
WM,e3f4c2c2-e078-42a1-970c-cc7833d2a7b2,6,triangle,2.5,,,,,,,,,"triangle,rectangle,star,circle",triangle,1,1,triangle,1,0.4656782500096597,,,,,,,152.99970770833897,153.50986866664607,154.015011041658,,,,,,156.5251044583274
WM,e3f4c2c2-e078-42a1-970c-cc7833d2a7b2,7,circle,2.5,,,,,,,,,"star,circle,rectangle,triangle",circle,2,2,circle,1,0.45352529163938016,,,,,,,156.99296333332313,157.49774012499256,158.0024829999893,,,,,,160.51732808334054
WM,e3f4c2c2-e078-42a1-970c-cc7833d2a7b2,8,triangle,1.0,,,,,,,,,"rectangle,star,circle,triangle",triangle,4,4,triangle,1,0.4799302083265502,,,,,,,160.97357191663468,161.48337091665599,161.9877298749925,,,,,,163.00174675000017
WM,e3f4c2c2-e078-42a1-970c-cc7833d2a7b2,9,star,1.0,,,,,,,,,"circle,triangle,star,rectangle",star,3,3,star,1,0.594773291668389,,,,,,,163.48437099999865,163.99065812499612,164.50043562499923,,,,,,165.51214629164315
WM,e3f4c2c2-e078-42a1-970c-cc7833d2a7b2,10,rectangle,2.5,,,,,,,,,"circle,rectangle,star,triangle",rectangle,2,2,rectangle,1,0.5376842916593887,,,,,,,166.1092386666569,166.61527349997777,167.1242362499761,,,,,,169.6353614999971
WM,e3f4c2c2-e078-42a1-970c-cc7833d2a7b2,11,circle,2.5,,,,,,,,,"circle,star,rectangle,triangle",circle,1,1,circle,1,0.4334382499800995,,,,,,,170.1752037499973,170.6810051666398,171.18523166663363,,,,,,173.7046343749971
WM,e3f4c2c2-e078-42a1-970c-cc7833d2a7b2,12,star,2.5,,,,,,,,,"rectangle,circle,star,triangle",star,3,3,star,1,0.444188416673569,,,,,,,174.14035683331895,174.6457294166321,175.15526783332461,,,,,,177.67299641662976
WM,e3f4c2c2-e078-42a1-970c-cc7833d2a7b2,13,rectangle,1.0,,,,,,,,,"rectangle,star,triangle,circle",rectangle,1,1,rectangle,1,0.4809921249980107,,,,,,,178.1196114999766,178.62572449998697,179.1352947499836,,,,,,180.14928595832316
WM,e3f4c2c2-e078-42a1-970c-cc7833d2a7b2,14,circle,1.0,,,,,,,,,"circle,star,triangle,rectangle",circle,1,1,circle,1,0.43796291667968035,,,,,,,180.63297558334307,181.13918979163282,181.64666974998545,,,,,,182.66432495834306
WM,e3f4c2c2-e078-42a1-970c-cc7833d2a7b2,15,star,1.0,,,,,,,,,"star,triangle,rectangle,circle",star,1,1,star,1,0.44341845833696425,,,,,,,183.10468604165362,183.60943408333696,184.11866987499525,,,,,,185.13284941663733
WM,e3f4c2c2-e078-42a1-970c-cc7833d2a7b2,16,triangle,1.0,,,,,,,,,"triangle,circle,rectangle,star",triangle,1,1,triangle,1,0.44629758334485814,,,,,,,185.57895124997594,186.08499750000192,186.5947559583292,,,,,,187.6080971666379
WM,e3f4c2c2-e078-42a1-970c-cc7833d2a7b2,17,triangle,2.5,,,,,,,,,"triangle,circle,star,rectangle",triangle,1,1,triangle,1,0.44798666663700715,,,,,,,188.05704987497302,188.5632386249781,189.0729652500013,,,,,,191.58656820832402
WM,e3f4c2c2-e078-42a1-970c-cc7833d2a7b2,18,rectangle,1.0,,,,,,,,,"star,circle,triangle,rectangle",rectangle,4,4,rectangle,1,0.4942730416660197,,,,,,,192.0371437916474,192.5429408333439,193.0532844583213,,,,,,194.0674134583387
WM,e3f4c2c2-e078-42a1-970c-cc7833d2a7b2,19,circle,2.5,,,,,,,,,"star,triangle,circle,rectangle",circle,3,3,circle,1,0.4728358333231881,,,,,,,194.56409174998407,195.06997570832027,195.57771887499257,,,,,,198.08784645833657
WM,e3f4c2c2-e078-42a1-970c-cc7833d2a7b2,20,star,2.5,,,,,,,,,"triangle,circle,rectangle,star",star,4,4,star,1,0.486964750016341,,,,,,,198.5627403333201,199.0683529166563,199.57663945833337,,,,,,202.08983499999158
WM,e3f4c2c2-e078-42a1-970c-cc7833d2a7b2,21,rectangle,2.5,,,,,,,,,"rectangle,circle,triangle,star",rectangle,1,1,rectangle,1,0.4842617916583549,,,,,,,202.57896658332902,203.0850218333362,203.59397724998416,,,,,,206.10760366663453
WM,e3f4c2c2-e078-42a1-970c-cc7833d2a7b2,22,star,1.0,,,,,,,,,"circle,triangle,rectangle,star",star,4,4,star,1,0.46599900000728667,,,,,,,206.59394074999727,207.0992365416314,207.60700412499136,,,,,,208.62190425000153
WM,e3f4c2c2-e078-42a1-970c-cc7833d2a7b2,23,triangle,1.0,,,,,,,,,"circle,star,triangle,rectangle",triangle,3,3,triangle,1,0.4820690833439585,,,,,,,209.09070924998377,209.60047049997956,210.10614779163734,,,,,,211.11987891665194
main_run1,e3f4c2c2-e078-42a1-970c-cc7833d2a7b2,0,,,ABA,triangle,circle,rectangle,triangle,"triangle,circle,triangle","rectangle,triangle",rectangle,"triangle,circle,star,rectangle",rectangle,4,4,rectangle,1,0.46666754168109037,0.9202153774664084,0.9581592644841761,1.2726838836502368,0.7662902872427304,0.8434557944927755,3.093787249717985,217.36439112498192,,,217.8694430416508,219.3031048749981,220.77923033334082,222.56933312499314,223.846683416632,225.21461179165635
main_run1,e3f4c2c2-e078-42a1-970c-cc7833d2a7b2,1,,,ABB,triangle,star,triangle,circle,"triangle,star,star","triangle,circle",circle,"star,triangle,circle,rectangle",circle,3,3,circle,1,0.5062792083190288,1.0012186572610942,1.2966969229446308,1.1756257793363911,1.2138208424102186,0.7533584883071054,3.53538288869805,228.78541383333504,,,229.2944706666458,230.81325099998503,232.62718816663255,234.32237241664552,236.05349520832533,237.33432991662994
main_run1,e3f4c2c2-e078-42a1-970c-cc7833d2a7b2,2,,,ABA,rectangle,star,triangle,circle,"rectangle,star,rectangle","triangle,circle",triangle,"star,triangle,rectangle,circle",triangle,2,2,triangle,1,0.5786585416353773,0.9700576155438468,1.057216862135978,1.1580616357244617,1.1224546937197701,0.9603116427028607,2.2482525580231085,241.39202491665492,,,241.9035488749796,243.3902612499951,244.95813141664257,246.6331920833327,248.27631112499512,249.75934395834338
main_run1,e3f4c2c2-e078-42a1-970c-cc7833d2a7b2,3,,,ABB,star,rectangle,rectangle,star,"star,rectangle,rectangle","rectangle,star",star,"circle,star,triangle,rectangle",star,2,2,star,1,0.5281602499890141,1.035286812607079,0.9135067002712477,0.9615680345151587,0.9931711688573238,0.9530654614326353,3.694682192711472,252.59686191665241,,,253.10763833334204,254.6561814166489,256.0807918749924,257.55212387497886,259.05757783332956,260.5311851250008
main_run1,e3f4c2c2-e078-42a1-970c-cc7833d2a7b2,4,,,ABB,circle,star,triangle,rectangle,"circle,star,star","triangle,rectangle",rectangle,"triangle,rectangle,star,circle",rectangle,2,2,rectangle,1,0.5345487500017043,0.758853501095399,0.9717737775464531,0.9774961024060119,0.921858057150073,0.954411722296684,3.1885257305557717,264.7666274999792,,,265.27791362497373,266.55537424999056,268.045829416631,269.5401784166461,270.97577191665187,272.4541469999822
main_run1,e3f4c2c2-e078-42a1-970c-cc7833d2a7b2,5,,,ABB,triangle,star,rectangle,circle,"triangle,star,star","rectangle,circle",circle,"circle,rectangle,star,triangle",circle,1,1,circle,1,0.45154495834140107,0.7297408196198426,1.1069706528882455,0.7941996123925249,1.0816680746116552,0.9274564739878942,3.760208985146625,276.18718995832023,,,276.6934179166565,277.94418220833177,279.5669728333305,280.88262141664745,282.4795800833381,283.9283853333327
main_run1,e3f4c2c2-e078-42a1-970c-cc7833d2a7b2,6,,,ABA,star,circle,circle,rectangle,"star,circle,star","circle,rectangle",circle,"triangle,star,circle,rectangle",circle,3,3,circle,1,0.5101732916664332,1.1849001147343627,1.0409737286425835,1.0641558852450554,1.2097249356069184,0.7275199263987457,2.4880982871077553,288.1534114583337,,,288.6653801666398,290.3642753333261,291.9215832083428,293.50098862499,295.2289275833173,296.47909741665353
main_run1,e3f4c2c2-e078-42a1-970c-cc7833d2a7b2,7,,,ABB,triangle,rectangle,rectangle,triangle,"triangle,rectangle,rectangle","rectangle,triangle",triangle,"rectangle,circle,star,triangle",triangle,4,4,triangle,1,0.5204574167146347,0.7804474110538773,0.7450460090795787,0.6269016634460398,0.8714096333138901,0.9780263621105172,2.6311062971331585,299.4872674999933,,,299.9975052916561,301.29518537499825,302.55497399999877,303.6924722083204,305.0800736666424,306.5822483333177
main_run1,e3f4c2c2-e078-42a1-970c-cc7833d2a7b2,8,,,ABA,rectangle,triangle,circle,star,"rectangle,triangle,rectangle","circle,star",circle,"circle,triangle,star,rectangle",circle,1,1,circle,1,0.49091787499492057,0.7479967657758135,0.9153280432329536,0.7723667428947179,1.1673605263185611,0.3880548824339112,2.096544694670358,309.7470983333187,,,310.2571816666459,311.52440862497315,312.9557150416367,314.2477674583206,315.92939141663373,316.8401156666514
main_run1,e3f4c2c2-e078-42a1-970c-cc7833d2a7b2,9,,,ABB,triangle,circle,rectangle,circle,"triangle,circle,circle","rectangle,circle",circle,"circle,star,triangle,rectangle",circle,1,1,circle,1,0.5231935416522902,1.191325917751708,0.7921639706275925,1.2616373146756166,0.88565965063599,0.9917211387872084,2.2734424574337404,319.4400994583266,,,319.95045191663667,321.6593957916484,322.96200020832475,324.7434456249757,326.1441100833181,327.65607087497483
main_run1,e3f4c2c2-e078-42a1-970c-cc7833d2a7b2,10,,,ABA,rectangle,circle,rectangle,star,"rectangle,circle,rectangle","rectangle,star",rectangle,"star,rectangle,circle,triangle",rectangle,2,2,rectangle,1,0.4857110000157263,0.8592642218403714,0.9238629954887194,0.8615559252010253,0.8925172629542167,1.0386622115256534,3.90533772208905,330.46204545832006,,,330.96815891665756,332.3465186666581,333.7892420833232,335.1644617499842,336.5729334583448,338.13087866664864
main_run1,e3f4c2c2-e078-42a1-970c-cc7833d2a7b2,11,,,ABB,star,triangle,circle,triangle,"star,triangle,triangle","circle,triangle",triangle,"star,rectangle,circle,triangle",triangle,4,4,triangle,1,0.5453704166575335,0.6629085841187269,1.0872415457675086,0.9076503556604585,1.3107883870971477,0.7481142198798305,2.997819270957109,342.5363659999857,,,343.04832299999543,344.22960191665334,345.8333065416373,347.2548410416348,349.07886399998097,350.3506214999943
main_run1,e3f4c2c2-e078-42a1-970c-cc7833d2a7b2,12,,,ABB,rectangle,circle,circle,star,"rectangle,circle,circle","circle,star",star,"circle,triangle,star,rectangle",star,3,3,star,1,0.5102930833236314,0.968615483968175,1.1636056000092405,1.2173498460493253,0.7841729717105289,1.2155235721776365,5.014888782888914,353.9039442499925,,,354.41500724997604,355.8977927916567,357.58023529165075,359.3171866249759,360.62086649998673,362.3563571666309
main_run1,e3f4c2c2-e078-42a1-970c-cc7833d2a7b2,13,,,ABB,triangle,circle,triangle,circle,"triangle,circle,circle","triangle,circle",circle,"triangle,star,circle,rectangle",circle,3,3,circle,1,0.5113813749921974,0.83220514583109,0.6162151627837571,1.3135540483377948,0.8188569358035849,0.7303930805619259,5.02218288320579,367.89628920832183,,,368.40736708333134,369.7558293333277,370.8837495833286,372.7158776666329,374.05274174999795,375.3053594166413
main_run1,e3f4c2c2-e078-42a1-970c-cc7833d2a7b2,14,,,ABA,circle,triangle,star,rectangle,"circle,triangle,circle","star,rectangle",star,"rectangle,circle,star,triangle",star,3,3,star,1,0.5066804166417569,0.851376730077789,1.1690919558844397,1.2105892237563407,0.9062703666082457,0.9610475352915209,1.6780346725607913,380.8520408749755,,,381.3611589583452,382.7284408333362,384.41223754163366,386.14593524998054,387.57052708332776,389.05536445832695
main_run1,e3f4c2c2-e078-42a1-970c-cc7833d2a7b2,15,,,ABA,circle,rectangle,rectangle,star,"circle,rectangle,circle","rectangle,star",rectangle,"rectangle,star,triangle,circle",rectangle,1,1,rectangle,1,0.4697568333358504,1.4190393619947583,1.0820848589170953,1.148616582930527,1.1966259098532,1.0179581784396943,2.1748345115544376,391.25309887499316,,,391.7632494166319,393.6945150416577,395.2873077499971,396.9517762083269,398.6642009166535,400.20123154163593
main_run1,e3f4c2c2-e078-42a1-970c-cc7833d2a7b2,16,,,ABA,rectangle,circle,rectangle,circle,"rectangle,circle,rectangle","rectangle,circle",rectangle,"circle,triangle,rectangle,star",rectangle,3,3,rectangle,1,0.6255597916606348,1.045793048122699,0.9175284136048003,1.13507805402892,1.02988188531102,0.9854066136531925,1.5531353596537205,402.8586192083312,,,403.36503195832483,404.92942533333553,406.3624848749896,408.0081367083185,409.5598834583361,411.06633829165366
main_run1,e3f4c2c2-e078-42a1-970c-cc7833d2a7b2,17,,,ABB,circle,star,star,rectangle,"circle,star,star","star,rectangle",rectangle,"circle,rectangle,triangle,star",rectangle,2,2,rectangle,1,0.5528186250012368,0.8606585992978462,1.2918708254379365,0.7580773819224366,1.0039350901659645,1.1530217926192916,3.149089015524404,413.2538992499758,,,413.7645427916432,415.1436911666533,416.9495493333379,418.22141320831724,419.73709483334096,421.41336304164724
main_run1,e3f4c2c2-e078-42a1-970c-cc7833d2a7b2,18,,,ABA,star,circle,rectangle,triangle,"star,circle,star","rectangle,triangle",rectangle,"rectangle,star,circle,triangle",rectangle,1,1,rectangle,1,0.4981444166623987,0.871475140821878,1.0252646292740746,1.133108915751013,0.8776434056528921,1.1847842165094638,4.205973493642832,425.12938945833594,,,425.6384467499738,427.0293737499742,428.57000374997733,430.2209814999951,431.6111102916475,433.31937916664174
main_run1,e3f4c2c2-e078-42a1-970c-cc7833d2a7b2,19,,,ABA,circle,rectangle,triangle,star,"circle,rectangle,circle","triangle,star",triangle,"star,triangle,circle,rectangle",triangle,2,2,triangle,1,0.47110729169799015,0.705252246461431,0.9635824106674915,0.990532379938465,0.9564491041792683,0.9211742978479808,3.601882431219864,438.03691341663944,,,438.54309354163706,439.76743054162944,441.2465123333386,442.7508335833263,444.22322216664907,445.65888062497834
main_run1,e3f4c2c2-e078-42a1-970c-cc7833d2a7b2,20,,,ABA,star,triangle,star,triangle,"star,triangle,star","star,triangle",star,"circle,rectangle,triangle,star",star,4,4,star,1,0.5573011667001992,1.1516529764743397,1.365330254731556,1.1170791439394212,0.9807660147501395,1.045059987788518,1.298434531761553,449.7428687083302,,,450.25315429165494,451.9261714583263,453.8083298333222,455.4440389999945,456.94239104163717,458.5051907916495
main_run1,e3f4c2c2-e078-42a1-970c-cc7833d2a7b2,21,,,ABB,star,rectangle,star,rectangle,"star,rectangle,rectangle","star,rectangle",rectangle,"star,triangle,rectangle,circle",rectangle,3,3,rectangle,1,0.5562634167145006,0.9119736412791697,0.7469283197829952,1.0616113530716553,0.8605293308542821,1.0584149472690454,1.6202865970956974,460.3699230833445,,,460.88026541663567,462.31014858331764,463.5715900416544,465.14821620832663,466.52409895832534,468.1047484583396
main_run1,e3f4c2c2-e078-42a1-970c-cc7833d2a7b2,22,,,ABA,triangle,rectangle,triangle,rectangle,"triangle,rectangle,triangle","triangle,rectangle",triangle,"rectangle,triangle,circle,star",triangle,2,2,triangle,1,0.545350458327448,1.1248084725406757,0.9870711734152429,0.9766912312914451,0.871019889626764,0.7724017992377841,1.6522645165873535,470.294562291645,,,470.8052812499809,472.4426824999973,473.94336179163656,475.43251424998743,476.82226370833814,478.11778941663215
main_run1,e3f4c2c2-e078-42a1-970c-cc7833d2a7b2,23,,,ABA,circle,rectangle,circle,triangle,"circle,rectangle,circle","circle,triangle",circle,"triangle,circle,star,rectangle",circle,2,2,circle,1,0.5693176666973159,0.5874110262707548,1.1595631955141155,1.4172457225211195,0.9774001165101953,0.9987549923447586,3.3752770974401844,480.3292095833167,,,480.8398257083318,481.94760600000154,483.6205843749922,485.5563546666526,487.0483024583373,488.5691145416349
main_run1,e3f4c2c2-e078-42a1-970c-cc7833d2a7b2,24,,,ABA,triangle,star,rectangle,star,"triangle,star,triangle","rectangle,star",rectangle,"star,circle,triangle,rectangle",rectangle,4,4,rectangle,1,0.5266969999938738,0.7070203167490907,1.2361973120499012,0.9664197679577228,1.046245325925719,1.5784005168353317,2.26286532921745,492.5230894999986,,,493.034383958322,494.26062779163476,496.0135557499889,497.49658204164007,499.0627136666444,501.1640883333166
main_run1,e3f4c2c2-e078-42a1-970c-cc7833d2a7b2,25,,,ABB,rectangle,star,rectangle,star,"rectangle,star,star","rectangle,star",star,"rectangle,triangle,star,circle",star,3,3,star,1,0.5502838333486579,0.8207027014746218,1.2115634486399798,1.0169819591715645,1.0345026185611594,1.1406443236357855,1.4378767600500488,503.9628596249968,,,504.4745312916348,505.8112169583328,507.53480220833444,509.06809324998176,510.6212590833311,512.2838150833268
main_run1,e3f4c2c2-e078-42a1-970c-cc7833d2a7b2,26,,,ABA,star,rectangle,circle,star,"star,rectangle,star","circle,star",circle,"triangle,rectangle,star,circle",circle,4,4,circle,1,0.6685767916496843,1.314560431245051,1.1950299444632018,0.8438546461756021,0.9272620799387034,1.1624217565043176,4.60124582686801,514.2823565833387,,,514.7921976249781,516.6279322499759,518.3397256249737,519.7001302499848,521.1380881666555,522.8244956249837
main_run1,e3f4c2c2-e078-42a1-970c-cc7833d2a7b2,27,,,ABA,circle,star,rectangle,triangle,"circle,star,circle","rectangle,triangle",rectangle,"triangle,circle,star,rectangle",rectangle,4,4,rectangle,1,0.47995983334840275,0.8665897371275865,0.9220432098342897,1.5831487151751158,1.0452327599490998,0.7822821832431284,3.201204340930904,528.1068229999801,,,528.6129629999923,529.9962949166365,531.4381887499767,533.5347065416572,535.0968718749937,536.3979260416527
main_run1,e3f4c2c2-e078-42a1-970c-cc7833d2a7b2,28,,,ABB,rectangle,star,rectangle,triangle,"rectangle,star,star","rectangle,triangle",triangle,"circle,star,rectangle,triangle",triangle,4,4,triangle,1,0.6036438750161324,1.099374988609966,1.0033849381046995,1.2477935330630836,1.4942923048654326,1.3039127089247247,2.925955743575039,540.0906169583322,,,540.6020771249896,542.2208441666444,543.7436345833412,545.5147920416493,547.5311775000009,549.357609208324
main_run1,e3f4c2c2-e078-42a1-970c-cc7833d2a7b2,29,,,ABA,rectangle,circle,triangle,star,"rectangle,circle,rectangle","triangle,star",triangle,"star,rectangle,triangle,circle",triangle,3,3,triangle,1,0.5090131250035483,1.0987237037567108,0.9537274215253504,1.32710996148678,0.855864551344413,1.062372878740353,2.1907152223824866,552.896348499984,,,553.4050195833261,555.0194314583205,556.4923556666472,558.3358610833238,559.7073349999846,561.2905843333283
main_run2,e3f4c2c2-e078-42a1-970c-cc7833d2a7b2,30,,,ABA,triangle,circle,star,triangle,"triangle,circle,triangle","star,triangle",star,"rectangle,circle,triangle,star",star,4,4,star,1,0.5217287499981467,1.1235787098085552,0.8642608202474446,1.442315922859234,0.7459251268467497,0.7770418592253243,1.4495894848455741,567.371967541636,,,567.8785902499803,569.5209121249791,570.9022049166379,572.8622879583272,574.127322458342,575.4303083749837
main_run2,e3f4c2c2-e078-42a1-970c-cc7833d2a7b2,31,,,ABA,circle,rectangle,rectangle,circle,"circle,rectangle,circle","rectangle,circle",rectangle,"circle,star,triangle,rectangle",rectangle,4,4,rectangle,1,0.5120211250032298,0.6966994822331174,1.0380112895313112,0.8444349391162985,1.3333180432118632,0.923921228046491,3.4094127573756654,577.4102073749818,,,577.9210760416463,579.1329922916484,580.6884967499936,582.0500923333457,583.9036593333294,585.3503718333377
main_run2,e3f4c2c2-e078-42a1-970c-cc7833d2a7b2,32,,,ABB,star,triangle,triangle,rectangle,"star,triangle,triangle","triangle,rectangle",rectangle,"triangle,rectangle,star,circle",rectangle,2,2,rectangle,1,0.5126378333079629,0.8035569275015157,0.9958601253936916,0.9690525456525553,0.8571944856084972,1.124331804060967,1.533117661044402,589.2823943749827,,,589.7916744583345,591.1153804999776,592.6278506249946,594.1107002083445,595.484116916632,597.1311448333436
main_run2,e3f4c2c2-e078-42a1-970c-cc7833d2a7b2,33,,,ABB,star,triangle,rectangle,star,"star,triangle,triangle","rectangle,star",star,"star,rectangle,circle,triangle",star,1,1,star,1,0.5033900833514053,0.873427447467047,0.8313584281366805,1.1631731686055504,0.9642287142123304,1.0261080867557177,1.2101474024975916,599.1875039583247,,,599.6978958333202,601.0892477499729,602.4348052916466,604.1144545416464,605.5972074166348,607.1446201666549
main_run2,e3f4c2c2-e078-42a1-970c-cc7833d2a7b2,34,,,ABA,triangle,star,star,rectangle,"triangle,star,triangle","star,rectangle",star,"rectangle,triangle,star,circle",star,3,3,star,1,0.5548019999987446,0.7521832734791934,1.0803584235362609,1.013171106519784,1.0260227146858927,1.052771618586413,3.426763649159013,608.8694600416347,,,609.383689499984,610.6526006666536,612.2543520416366,613.78475612498,615.3321325416327,616.9083993333334
main_run2,e3f4c2c2-e078-42a1-970c-cc7833d2a7b2,35,,,ABB,rectangle,circle,rectangle,circle,"rectangle,circle,circle","rectangle,circle",circle,"circle,rectangle,triangle,star",circle,1,1,circle,1,0.481712000007974,1.0558645547322874,1.1014095683513656,0.7903118521641118,0.5242299537287181,0.8884572843990811,3.608458507652921,620.9008059166372,,,621.4082882499788,622.9818287083181,624.602976791648,625.9048464166408,626.9487206249905,628.3610858749889
main_run2,e3f4c2c2-e078-42a1-970c-cc7833d2a7b2,36,,,ABA,circle,triangle,circle,rectangle,"circle,triangle,circle","circle,rectangle",circle,"rectangle,circle,triangle,star",circle,2,2,circle,1,0.5078790833067615,1.1492664635965082,0.7822235221658693,1.0546276344888366,0.977159957358259,0.899240651354192,4.67193212320695,632.4628427083371,,,632.9675363749848,634.6352747499768,635.9364397916361,637.5062293333176,639.002674041636,640.4263378333417
main_run2,e3f4c2c2-e078-42a1-970c-cc7833d2a7b2,37,,,ABB,circle,triangle,rectangle,circle,"circle,triangle,triangle","rectangle,circle",circle,"triangle,star,rectangle,circle",circle,4,4,circle,1,0.4921162499813363,1.1333823916892447,1.0540031936464171,1.1758787212782167,1.18948516643258,1.0247612922559617,3.2203452878131906,645.616084041656,,,646.1209964166337,647.7755857916491,649.3441387916391,651.0398550833343,652.7467022499768,654.2955389999843
main_run2,e3f4c2c2-e078-42a1-970c-cc7833d2a7b2,38,,,ABB,circle,triangle,circle,star,"circle,triangle,triangle","circle,star",star,"circle,rectangle,star,triangle",star,3,3,star,1,0.5280139166279696,0.7110299441562613,1.1428441241453815,1.1549713622866806,1.2063715355186768,0.7117095611148481,3.387059356238679,658.0179459166538,,,658.528187833319,659.758962666645,661.4202377499896,663.0943123333273,664.8216215416323,666.0601579583308
main_run2,e3f4c2c2-e078-42a1-970c-cc7833d2a7b2,39,,,ABA,star,triangle,star,rectangle,"star,triangle,star","star,rectangle",star,"rectangle,triangle,circle,star",star,4,4,star,1,0.49513779167318717,0.9268531327067948,1.1402499198631164,0.735302453492947,1.2591114531130647,1.0895421218332377,3.232623735726112,669.9845967083238,,,670.4897647916514,671.9377497083333,673.5955257083406,674.8474710833398,676.6212699999742,678.233537208318
main_run2,e3f4c2c2-e078-42a1-970c-cc7833d2a7b2,40,,,ABB,triangle,star,triangle,star,"triangle,star,star","triangle,star",star,"star,circle,triangle,rectangle",star,1,1,star,1,0.47393308335449547,1.0720982445609566,0.7715591244581745,1.046854717372673,1.1973231813386218,0.7354188484843995,3.7717798474760063,681.9741783333302,,,682.4859751666372,684.0718505416298,685.3560509166564,686.9223028333217,688.6338537499832,689.8910578749783
main_run2,e3f4c2c2-e078-42a1-970c-cc7833d2a7b2,41,,,ABA,star,circle,circle,star,"star,circle,star","circle,star",circle,"rectangle,circle,star,triangle",circle,2,2,circle,1,0.5819134166522417,0.9032956647716183,1.05358775221294,0.6853221529566185,0.9090692924624421,1.0912340414499633,1.9112203352272115,694.1486202916421,,,694.6587664166582,696.0768017916416,697.6464298333449,698.8507627083454,700.2791724166309,701.8922300416452
main_run2,e3f4c2c2-e078-42a1-970c-cc7833d2a7b2,42,,,ABB,triangle,circle,rectangle,triangle,"triangle,circle,circle","rectangle,triangle",triangle,"star,triangle,rectangle,circle",triangle,2,2,triangle,1,0.5760725833533797,1.120562528249498,1.1275555861433038,0.9763984554428671,1.2014108872461484,0.9064672068743109,3.4406322014898665,704.3981332499825,,,704.9077412083279,706.5445709999767,708.1903651249886,709.6858567083254,711.4043743333314,712.8321007083287
main_run2,e3f4c2c2-e078-42a1-970c-cc7833d2a7b2,43,,,ABB,circle,triangle,star,circle,"circle,triangle,triangle","star,circle",circle,"star,circle,rectangle,triangle",circle,2,2,circle,1,0.4966142083576415,0.844917567359243,1.0294195890108708,0.992105474418335,1.1045787080023701,0.9920652140394848,3.038190552465258,716.8626472499745,,,717.3688452916394,718.7276639999764,720.2692104583257,721.7775438749813,723.3950981666567,724.9057349166542
main_run2,e3f4c2c2-e078-42a1-970c-cc7833d2a7b2,44,,,ABA,circle,triangle,circle,triangle,"circle,triangle,circle","circle,triangle",circle,"rectangle,triangle,circle,star",circle,3,3,circle,1,0.5008669582894072,0.5688168666964724,0.9770205676519261,0.9744293240447254,0.6242868627319105,0.8114897069169487,2.50717756177413,728.4535813749826,,,728.9587027083326,730.0454518749902,731.5384463749942,733.0246441666386,734.1636790416378,735.4993428333255
main_run2,e3f4c2c2-e078-42a1-970c-cc7833d2a7b2,45,,,ABB,circle,rectangle,triangle,rectangle,"circle,rectangle,rectangle","triangle,rectangle",rectangle,"circle,star,triangle,rectangle",rectangle,4,4,rectangle,1,0.46220258332323283,0.886205453672084,1.204939492607621,0.9180061575173543,1.0006205519540252,0.8875542730339253,4.200473444104228,738.5175733749929,,,739.0271678749996,740.4278787083167,742.1526981666393,743.5922019166464,745.1099004583375,746.522375041648
main_run2,e3f4c2c2-e078-42a1-970c-cc7833d2a7b2,46,,,ABA,triangle,star,circle,star,"triangle,star,triangle","circle,star",circle,"rectangle,triangle,circle,star",circle,3,3,circle,1,0.5302320833434351,1.052431693424583,1.119333903849273,1.2695208289220408,0.6764289326469606,1.3341467788018062,2.518560661579507,751.1977357083233,,,751.7098765833362,753.2815460416314,754.9160863333382,756.7014207916509,757.8918071666558,759.7488295416406
main_run2,e3f4c2c2-e078-42a1-970c-cc7833d2a7b2,47,,,ABA,triangle,rectangle,rectangle,star,"triangle,rectangle,triangle","rectangle,star",rectangle,"star,triangle,circle,rectangle",rectangle,4,4,rectangle,1,0.4815132083604112,1.043404419011136,0.8801150831967238,1.083523248003146,1.2328009985733703,1.0759012285039558,3.5889877597977176,762.8068716666312,,,763.3180710416345,764.8814993333363,766.2758358749852,767.8757028333202,769.625651041657,771.2228387499927
main_run2,e3f4c2c2-e078-42a1-970c-cc7833d2a7b2,48,,,ABB,star,rectangle,circle,triangle,"star,rectangle,rectangle","circle,triangle",triangle,"star,rectangle,triangle,circle",triangle,3,3,triangle,1,0.47609308335813694,0.8834968052595162,0.9729358054014504,1.1372128738458591,1.2481026702375553,1.0450559190246103,4.964984348698107,775.3063212083362,,,775.8135076666367,777.2154157916375,778.7041121249786,780.3568193749816,782.1223373749817,783.6917083333246
main_run2,e3f4c2c2-e078-42a1-970c-cc7833d2a7b2,49,,,ABB,triangle,rectangle,star,rectangle,"triangle,rectangle,rectangle","star,rectangle",rectangle,"rectangle,circle,star,triangle",rectangle,1,1,rectangle,1,0.5376612083055079,0.9311158859633074,0.7930262351754188,1.370240672172878,0.9453195239049257,1.0989493065279412,2.311056095392032,789.1478322083422,,,789.6569315833331,791.1046325833304,792.4135522083379,794.3008381666441,795.7597490416374,797.3795653333364
main_run2,e3f4c2c2-e078-42a1-970c-cc7833d2a7b2,50,,,ABB,triangle,circle,star,circle,"triangle,circle,circle","star,circle",circle,"triangle,star,circle,rectangle",circle,3,3,circle,1,0.42977237500599585,1.0458552875373361,0.8019233307736346,1.6101969121585114,1.0371368601110693,0.8088371022018216,2.170767151042137,800.2391687499767,,,800.7452827499947,802.3075710833364,803.6248840416374,805.7493561249867,807.3011152083345,808.632128041645
main_run2,e3f4c2c2-e078-42a1-970c-cc7833d2a7b2,51,,,ABA,star,rectangle,circle,star,"star,rectangle,star","circle,star",circle,"circle,triangle,star,rectangle",circle,1,1,circle,1,0.47122508331085555,1.0279002087433131,0.8221699199297504,0.9503535610777288,1.1627005784291773,1.2568811550874734,3.100387791358664,811.2467264166335,,,811.7550358749868,813.2953033749945,814.6314506666386,816.1032040833379,817.7823130833276,819.5678578749939
main_run2,e3f4c2c2-e078-42a1-970c-cc7833d2a7b2,52,,,ABB,circle,rectangle,star,rectangle,"circle,rectangle,rectangle","star,rectangle",rectangle,"triangle,circle,star,rectangle",rectangle,4,4,rectangle,1,0.5158985416928772,0.8897409607250463,1.0996625603368206,1.013273532460531,1.2303347118377483,1.125803094926033,2.253084245462844,823.1505983749812,,,823.660835583345,825.0676262499765,826.6848154999898,828.2100174999796,829.9557804583455,831.6025767083338
main_run2,e3f4c2c2-e078-42a1-970c-cc7833d2a7b2,53,,,ABB,rectangle,star,triangle,circle,"rectangle,star,star","triangle,circle",circle,"star,rectangle,triangle,circle",circle,4,4,circle,1,0.4933317083050497,0.8409848167843197,1.2965684780863131,1.4257841650395984,0.7697217416003141,1.1103631820049862,3.3880986672822195,834.3810822083324,,,834.8912948333309,836.2514808333362,838.0589184583223,840.0019919166516,841.2876452916535,842.9190619166475
main_run2,e3f4c2c2-e078-42a1-970c-cc7833d2a7b2,54,,,ABA,rectangle,triangle,triangle,rectangle,"rectangle,triangle,rectangle","triangle,rectangle",triangle,"star,circle,triangle,rectangle",triangle,3,3,triangle,1,0.4627098750206642,0.9027999079888115,0.8862270281081692,1.0688241132208007,1.1374923448515126,1.059261444783023,2.4369322029882765,846.8107917916495,,,847.3164723333321,848.7358882499975,850.1428835416446,851.7326569166325,853.3905202916358,854.9700908749946
main_run2,e3f4c2c2-e078-42a1-970c-cc7833d2a7b2,55,,,ABA,rectangle,star,circle,star,"rectangle,star,rectangle","circle,star",circle,"rectangle,star,circle,triangle",circle,3,3,circle,1,0.42064016667427495,1.0195379065427803,1.1126856874380653,0.9818888156997144,1.234632361656916,1.1860760925207596,2.6389464324952443,857.8812951666478,,,858.3913408333319,859.9257311249967,861.5561259583337,863.0523574583349,864.8072564166505,866.5211005833407
main_run2,e3f4c2c2-e078-42a1-970c-cc7833d2a7b2,56,,,ABA,circle,triangle,rectangle,star,"circle,triangle,circle","rectangle,star",rectangle,"triangle,circle,rectangle,star",rectangle,3,3,rectangle,1,0.4844521666818764,1.0347318010491175,0.6570841239529186,1.1094350487067564,1.0129095421355632,0.8305173195764937,3.2752161305225895,869.5932883749774,,,870.1043690416554,871.6565705416433,872.8302853749774,874.4600544583227,875.9863860833284,877.3404052499973
main_run2,e3f4c2c2-e078-42a1-970c-cc7833d2a7b2,57,,,ABB,circle,star,rectangle,star,"circle,star,star","rectangle,star",star,"circle,rectangle,star,triangle",star,3,3,star,1,0.4214674166578334,1.2076890821901332,1.1557982052399798,1.1931822270742465,0.9335200465965725,1.0101176274670267,4.303446092523044,881.1093706666434,,,881.6190931249876,883.3411410416302,885.013008708338,886.7202871249756,888.1692118333303,889.704866166634
main_run2,e3f4c2c2-e078-42a1-970c-cc7833d2a7b2,58,,,ABA,star,triangle,star,circle,"star,triangle,star","star,circle",star,"triangle,star,rectangle,circle",star,2,2,star,1,0.40883487500832416,0.9136283542105933,0.8594165602796584,1.0425289685900916,1.3239812470457843,0.9399506371978473,4.452802252905903,894.438403041655,,,894.9440346249903,896.377732541645,897.7558607083338,899.3171234166366,901.1548708333285,902.6221227083297
main_run2,e3f4c2c2-e078-42a1-970c-cc7833d2a7b2,59,,,ABA,star,rectangle,star,circle,"star,rectangle,star","star,circle",star,"star,circle,rectangle,triangle",star,1,1,star,1,0.48597254167543724,0.9961765951527819,1.400119937844242,1.0592460292266286,0.7167612985015597,1.1090402483383728,0.7909555775559332,907.4961453749856,,,908.0080479166354,909.5218455416325,911.4330251666543,913.0113022500009,914.248066958331,915.8752933749929
main_run3,e3f4c2c2-e078-42a1-970c-cc7833d2a7b2,60,,,ABB,star,circle,star,rectangle,"star,circle,circle","star,rectangle",rectangle,"star,rectangle,circle,triangle",rectangle,2,2,rectangle,1,0.4959800416545477,1.149440163259453,1.010988655537297,1.141145117893401,0.9970910463445056,1.3335014012625002,2.467301986611464,925.3836648750002,,,925.8885020416346,927.5551384999999,929.0845222083444,930.7406071666337,932.2549541666522,934.1148305416573
main_run3,e3f4c2c2-e078-42a1-970c-cc7833d2a7b2,61,,,ABB,circle,triangle,star,rectangle,"circle,triangle,triangle","star,rectangle",rectangle,"star,rectangle,circle,triangle",rectangle,2,2,rectangle,1,0.43436949999886565,1.0128963081897748,0.6057387009389879,0.8281046816602161,0.8490114787818704,0.8666483375926819,3.2535783757808003,937.0902601666457,,,937.5983983333281,939.1305211249855,940.2486872916343,941.5872851666354,942.9501859583252,944.3396538333327
main_run3,e3f4c2c2-e078-42a1-970c-cc7833d2a7b2,62,,,ABB,rectangle,triangle,star,rectangle,"rectangle,triangle,triangle","star,rectangle",rectangle,"star,circle,triangle,rectangle",rectangle,4,4,rectangle,1,0.5832193750247825,1.1770500971313484,1.115675077183112,0.9488359760077228,0.9469610810049962,1.0578854923209178,2.6215920907333348,948.0402433749987,,,948.5448275833332,950.2348984583223,951.8693247916526,953.339443041652,954.8066330833244,956.3912854583177
main_run3,e3f4c2c2-e078-42a1-970c-cc7833d2a7b2,63,,,ABA,rectangle,triangle,star,rectangle,"rectangle,triangle,rectangle","star,rectangle",star,"star,triangle,circle,rectangle",star,1,1,star,1,0.4744229583593551,0.8276033768882218,1.2563807806659355,1.0054837109733343,1.0516294105237345,0.7785890528804582,2.777550071398843,959.6093525416509,,,960.1141627083416,961.4568622916413,963.2234091249993,964.7501012916327,966.3212004166562,967.6246222083282
main_run3,e3f4c2c2-e078-42a1-970c-cc7833d2a7b2,64,,,ABB,triangle,rectangle,circle,triangle,"triangle,rectangle,rectangle","circle,triangle",triangle,"triangle,rectangle,star,circle",triangle,1,1,triangle,1,0.5045097916445229,0.8917414974713701,0.666512815513221,0.9940243491356356,0.7517913908509668,0.8741687176090827,2.6706966482971897,970.8849969583389,,,971.3942049999896,972.802802958322,973.9846983749885,975.4944084999734,976.7631635416474,978.1558181250002
main_run3,e3f4c2c2-e078-42a1-970c-cc7833d2a7b2,65,,,ABB,triangle,star,circle,star,"triangle,star,star","circle,star",star,"triangle,rectangle,star,circle",star,3,3,star,1,0.5131700416677631,0.987267913955074,0.8563126253957295,1.0446286238325633,1.038881036679939,1.0811791032205,3.7914046225895848,981.3510412083415,,,981.8604633333453,983.3658882916498,984.736062458338,986.2942798750009,987.8477097499999,989.4555152499815
main_run3,e3f4c2c2-e078-42a1-970c-cc7833d2a7b2,66,,,ABA,rectangle,circle,star,circle,"rectangle,circle,rectangle","star,circle",star,"rectangle,star,circle,triangle",star,2,2,star,1,0.5416784166591242,1.0583298728220587,1.1270919536287554,1.0131494844844022,0.7866180423272622,0.944349745737582,3.172613998581154,993.7711463333399,,,994.282673791633,995.8603503333288,997.5033753333264,999.0315794166527,1000.3333538750012,1001.7964945833373
main_run3,e3f4c2c2-e078-42a1-970c-cc7833d2a7b2,67,,,ABA,rectangle,star,circle,triangle,"rectangle,star,rectangle","circle,triangle",circle,"circle,rectangle,star,triangle",circle,1,1,circle,1,0.4347156666626688,1.0413054978387646,1.11520007008665,0.7326308829992155,1.2845050360183266,0.7732748416917525,4.592941305226672,1005.5230623749958,,,1006.029372708319,1007.5908275833353,1009.2192061666574,1010.4674737499736,1012.2699636249745,1013.5663209999911
main_run3,e3f4c2c2-e078-42a1-970c-cc7833d2a7b2,68,,,ABA,star,rectangle,circle,triangle,"star,rectangle,star","circle,triangle",circle,"star,circle,rectangle,triangle",circle,2,2,circle,1,0.42382016667397693,1.02247283847333,0.755107790585927,1.124627345404375,0.9215736810219379,1.489461276343814,2.933159290939074,1018.6050690416305,,,1019.1120272083208,1020.6517748333281,1021.91782004165,1023.5586192499904,1024.99828887498,1027.0116172499838
main_run3,e3f4c2c2-e078-42a1-970c-cc7833d2a7b2,69,,,ABB,star,rectangle,star,circle,"star,rectangle,rectangle","star,circle",circle,"triangle,circle,star,rectangle",circle,2,2,circle,1,0.49548095831414685,0.8291296088868222,0.9873231452671218,1.1016297150489414,0.8556120868673178,1.2332042776140992,3.2376681469626045,1030.3803743333265,,,1030.8914041249955,1032.234577541647,1033.7318549166375,1035.3449718749907,1036.716863541631,1038.477623874991
main_run3,e3f4c2c2-e078-42a1-970c-cc7833d2a7b2,70,,,ABA,triangle,star,star,circle,"triangle,star,triangle","star,circle",star,"rectangle,star,triangle,circle",star,2,2,star,1,0.49323920835740864,0.9903995300873685,0.7637436078782963,1.057786410198496,1.1617238155255631,1.3476284129452742,0.4279724353686136,1042.2233102083264,,,1042.7344791666546,1044.2443963749975,1045.525704916654,1047.0949744166574,1048.7753930416366,1050.6443272499891
main_run3,e3f4c2c2-e078-42a1-970c-cc7833d2a7b2,71,,,ABB,star,rectangle,triangle,circle,"star,rectangle,rectangle","triangle,circle",circle,"circle,star,rectangle,triangle",circle,1,1,circle,1,0.4969622083590366,1.0723070525539216,1.2501616833332263,0.911943232642647,1.2483944511083411,0.875734317385919,2.4760865133937617,1051.5749231249793,,,1052.0863629583328,1053.6765729583276,1055.4422247916518,1056.869055874995,1058.6367998333299,1060.0343219583447
main_run3,e3f4c2c2-e078-42a1-970c-cc7833d2a7b2,72,,,ABB,rectangle,circle,triangle,rectangle,"rectangle,circle,circle","triangle,rectangle",rectangle,"rectangle,star,triangle,circle",rectangle,1,1,rectangle,1,0.434006124996813,1.1905277452614804,1.0806459015466663,0.7850992049255905,0.778588251549834,1.2117729446180467,2.5951289247918794,1063.0193454999826,,,1063.530137499998,1065.2331859166443,1066.8269306666334,1068.129544458323,1069.420431833336,1071.156144791632
main_run3,e3f4c2c2-e078-42a1-970c-cc7833d2a7b2,73,,,ABA,rectangle,star,rectangle,triangle,"rectangle,star,rectangle","rectangle,triangle",rectangle,"circle,rectangle,star,triangle",rectangle,2,2,rectangle,1,0.44195070830755867,1.0885907263765715,1.1458558614331862,0.8918040045609977,0.8276846361495023,0.935506937439559,4.016885829844372,1074.195163916651,,,1074.7047057499876,1076.3082694999757,1077.9719036666502,1079.3746757083281,1080.7190424583387,1082.1805787499761
main_run3,e3f4c2c2-e078-42a1-970c-cc7833d2a7b2,74,,,ABA,rectangle,triangle,triangle,rectangle,"rectangle,triangle,rectangle","triangle,rectangle",triangle,"circle,star,triangle,rectangle",triangle,3,3,triangle,1,0.5828717083495576,0.959976469933481,1.1853024107231558,1.1225323353139958,1.1037797851444886,1.0190830293619193,3.670596800341297,1086.6493511666486,,,1087.153987458325,1088.6322539583198,1090.3334916249732,1091.9770840416313,1093.59481208332,1095.1429532916518
main_run3,e3f4c2c2-e078-42a1-970c-cc7833d2a7b2,75,,,ABB,star,circle,circle,star,"star,circle,circle","circle,star",star,"star,circle,rectangle,triangle",star,1,1,star,1,0.4684408333268948,1.0720579741822054,1.0236310230078007,1.114651897442409,0.6389943574840982,1.2480077726516459,4.203711013088807,1099.4045735833352,,,1099.9112640416424,1101.4951055833371,1103.0333782499947,1104.665197333321,1105.822712083318,1107.5938999166538
main_run3,e3f4c2c2-e078-42a1-970c-cc7833d2a7b2,76,,,ABA,circle,star,circle,rectangle,"circle,star,circle","circle,rectangle",circle,"star,triangle,circle,rectangle",circle,3,3,circle,1,0.4503960416477639,0.8813230394703786,0.7756978545770585,0.5637749460663035,0.8547873494471041,1.0976336500659034,4.364837431972457,1112.2856256666419,,,1112.7982714166574,1114.1985041666485,1115.4853653333266,1116.5599154583178,1117.9348975416506,1119.5539509583323
main_run3,e3f4c2c2-e078-42a1-970c-cc7833d2a7b2,77,,,ABB,rectangle,triangle,star,rectangle,"rectangle,triangle,triangle","star,rectangle",rectangle,"circle,star,triangle,rectangle",rectangle,4,4,rectangle,1,0.5604941666824743,0.891891225493946,0.8319210781226488,0.8745200742133616,0.745516119770552,0.3475863934161477,3.3774795267743754,1124.382808916649,,,1124.8916290416382,1126.299362666643,1127.6475271666422,1129.0398892916564,1130.2994362916506,1131.171563208336
main_run3,e3f4c2c2-e078-42a1-970c-cc7833d2a7b2,78,,,ABA,star,triangle,rectangle,circle,"star,triangle,star","rectangle,circle",rectangle,"rectangle,star,circle,triangle",rectangle,1,1,rectangle,1,0.4611510417016689,0.9777968094432048,1.3063043847107996,0.6805283020243826,1.2557672093612664,1.049492383431012,1.0267919147411333,1135.1186332083307,,,1135.6279007916455,1137.1223076666356,1138.9456396666355,1140.144225041644,1141.918347583327,1143.491519208328
main_run3,e3f4c2c2-e078-42a1-970c-cc7833d2a7b2,79,,,ABA,circle,triangle,star,circle,"circle,triangle,circle","star,circle",star,"circle,rectangle,star,triangle",star,3,3,star,1,0.645477583311731,1.0055009006660611,1.3714340867025325,0.9871054713524311,0.46667416246658067,0.5471143972023271,3.530396389569346,1144.9921110416471,,,1145.5023036249913,1147.0283292083186,1148.9185924999765,1150.4218711666472,1151.4088411249977,1152.4774140416412
main_run3,e3f4c2c2-e078-42a1-970c-cc7833d2a7b2,80,,,ABA,star,rectangle,star,triangle,"star,rectangle,star","star,triangle",star,"circle,triangle,rectangle,star",star,4,4,star,1,0.451064499997301,1.2977581188206622,0.49983188829623326,1.0658278891921125,1.0352254487086026,1.0215974572496092,2.223827479115654,1156.6634480833309,,,1157.1749306666316,1158.993818833318,1160.0082800416567,1161.5856848333206,1163.1416638333176,1164.686152374983
main_run3,e3f4c2c2-e078-42a1-970c-cc7833d2a7b2,81,,,ABB,circle,star,circle,star,"circle,star,star","circle,star",star,"circle,rectangle,triangle,star",star,4,4,star,1,0.5058148333628196,0.865156145752495,1.037770666253094,1.0335895416786616,1.3416061893809168,0.9099705536249793,1.5707443669211918,1167.372892958345,,,1167.8830248333397,1169.2698592916422,1170.8230452499993,1172.3729928333196,1174.234885999991,1175.666802416643
main_run3,e3f4c2c2-e078-42a1-970c-cc7833d2a7b2,82,,,ABA,triangle,rectangle,rectangle,circle,"triangle,rectangle,triangle","rectangle,circle",rectangle,"rectangle,circle,triangle,star",rectangle,1,1,rectangle,1,0.4543276250187773,1.1087073892977246,0.8777591759027144,0.9363941860634152,1.0563953983292278,0.8652661255821732,4.0017080542731644,1177.7551635833224,,,1178.2658379583445,1179.8913547499978,1181.2831791249919,1182.7393207916466,1184.3109503749874,1185.6985889166535
main_run3,e3f4c2c2-e078-42a1-970c-cc7833d2a7b2,83,,,ABB,rectangle,star,triangle,rectangle,"rectangle,star,star","triangle,rectangle",rectangle,"triangle,star,rectangle,circle",rectangle,3,3,rectangle,1,0.5061342083499767,0.9760698320525147,0.6645386711577133,0.8325633301652207,1.0583838224328557,0.5551266181409862,4.116407683317263,1190.1673241666576,,,1190.674464416632,1192.1664911249827,1193.3449578750005,1194.696418208332,1196.2704101249983,1197.3510947083414
main_run3,e3f4c2c2-e078-42a1-970c-cc7833d2a7b2,84,,,ABA,circle,rectangle,circle,rectangle,"circle,rectangle,circle","circle,rectangle",circle,"triangle,circle,rectangle,star",circle,2,2,circle,1,0.46937220834661275,0.833377929720445,1.1600592022950116,0.8947432383415038,0.9885217326524756,0.7839203368917098,2.1319418755323802,1201.991200291639,,,1202.5031942916394,1203.8490674166533,1205.525498791656,1206.9344282916572,1208.4443196249777,1209.7514057083172
main_run3,e3f4c2c2-e078-42a1-970c-cc7833d2a7b2,85,,,ABB,triangle,star,triangle,circle,"triangle,star,star","triangle,circle",circle,"rectangle,triangle,circle,star",circle,3,3,circle,1,0.6598162083537318,0.8378241450834326,1.2903550446405092,0.6481707845167499,0.5791749098780603,0.27797880928754526,4.045783944042016,1212.3638643333397,,,1212.870385291637,1214.2261329999892,1216.0269517916313,1217.1890396249946,1218.2832470416324,1219.0841381666542
main_run3,e3f4c2c2-e078-42a1-970c-cc7833d2a7b2,86,,,ABB,rectangle,triangle,circle,rectangle,"rectangle,triangle,triangle","circle,rectangle",rectangle,"star,circle,rectangle,triangle",rectangle,3,3,rectangle,1,0.4504298333195038,0.8517160405596709,0.9404879871054451,1.114537612898518,0.870757080222106,0.5684784324285779,4.710801951200196,1223.8009557916375,,,1224.3072133749956,1225.6717084166303,1227.1308897083218,1228.7611421666516,1230.1503165416361,1231.2408823749865
main_run3,e3f4c2c2-e078-42a1-970c-cc7833d2a7b2,87,,,ABA,triangle,circle,rectangle,triangle,"triangle,circle,triangle","rectangle,triangle",rectangle,"star,triangle,rectangle,circle",rectangle,3,3,rectangle,1,0.48258608335163444,1.040432887383,0.8880605294653747,1.060298165742831,1.2020456818466752,0.8922387003168,3.616596338032567,1236.411599166633,,,1236.9185723333212,1238.4724743333354,1239.8803662499995,1241.4534881250001,1243.1689086666447,1244.5833467916527
main_run3,e3f4c2c2-e078-42a1-970c-cc7833d2a7b2,88,,,ABB,star,triangle,triangle,rectangle,"star,triangle,triangle","triangle,rectangle",rectangle,"rectangle,circle,star,triangle",rectangle,1,1,rectangle,1,0.4916311666893307,0.9407431898027073,0.6117851900124294,0.7588528932416304,0.9995462245870462,0.869533790766117,1.1990097576196939,1248.6915364999732,,,1249.1979621249775,1250.6579401666531,1251.7844333333196,1253.0569369166333,1254.5729238333297,1255.9675585416553
main_run3,e3f4c2c2-e078-42a1-970c-cc7833d2a7b2,89,,,ABB,triangle,rectangle,circle,triangle,"triangle,rectangle,rectangle","circle,triangle",triangle,"rectangle,triangle,circle,star",triangle,2,2,triangle,1,0.4439856666722335,0.8812925580697305,1.0702450381564372,1.2884541112648065,0.9995624048939092,0.9204862601929115,2.981955065401293,1257.6706467916374,,,1258.180785249977,1259.5823642916512,1261.1726738333236,1262.9826736666437,1264.5026800416526,1265.9486251666385
main_run4,e3f4c2c2-e078-42a1-970c-cc7833d2a7b2,90,,,ABA,star,triangle,circle,triangle,"star,triangle,star","circle,triangle",circle,"circle,star,rectangle,triangle",circle,1,1,circle,1,0.4330960833467543,0.8663290504146595,0.7657254353765712,1.3333896161037997,0.952762756125169,1.0152013113576719,2.6744700683370097,1277.3951849166478,,,1277.9040584999893,1279.2858262916561,1280.5704967083293,1282.422081708326,1283.8943595000019,1285.4291802083317
main_run4,e3f4c2c2-e078-42a1-970c-cc7833d2a7b2,91,,,ABB,rectangle,triangle,rectangle,triangle,"rectangle,triangle,triangle","rectangle,triangle",triangle,"rectangle,triangle,star,circle",triangle,2,2,triangle,1,0.5225119999959134,1.2161701566082719,0.9018606370103655,0.8237073240034148,1.1472915498472271,1.010987770103183,3.5895857460399916,1288.5494164999982,,,1289.06131762499,1290.7925079583365,1292.209068291646,1293.5519274583203,1295.2087697083189,1296.741060499975
main_run4,e3f4c2c2-e078-42a1-970c-cc7833d2a7b2,92,,,ABB,circle,rectangle,circle,star,"circle,rectangle,rectangle","circle,star",star,"star,rectangle,triangle,circle",star,1,1,star,1,0.5680769999744371,1.0245092572184153,1.0801087091235342,0.904387490521879,0.7103038848753966,0.9934791894712097,2.018281544596464,1300.862902291643,,,1301.3740793749748,1302.9159676249838,1304.5090779999737,1305.9274496249855,1307.149313916656,1308.6688669583236
main_run4,e3f4c2c2-e078-42a1-970c-cc7833d2a7b2,93,,,ABB,rectangle,triangle,star,rectangle,"rectangle,triangle,triangle","star,rectangle",rectangle,"star,rectangle,triangle,circle",rectangle,2,2,rectangle,1,0.43699137499788776,0.9924802806606126,1.0196644276938156,1.0178755688264527,1.3006660093733988,0.996144171723617,3.0195481341261985,1311.2658422083186,,,1311.7756692083203,1313.2845816666377,1314.8206529166491,1316.3571816666517,1318.176728499995,1319.6973036249983
main_run4,e3f4c2c2-e078-42a1-970c-cc7833d2a7b2,94,,,ABA,circle,star,circle,triangle,"circle,star,circle","circle,triangle",circle,"triangle,circle,star,rectangle",circle,2,2,circle,1,0.47471658332506195,0.9915679126882403,0.6125298036430036,1.1626019513081545,0.6832941633468683,1.1956228143608802,2.507075044937398,1323.1685983749921,,,1323.680352666648,1325.1905174166313,1326.3211177916382,1327.998052708339,1329.1986384999764,1330.9200962916366
main_run4,e3f4c2c2-e078-42a1-970c-cc7833d2a7b2,95,,,ABB,circle,star,triangle,star,"circle,star,star","triangle,star",star,"rectangle,circle,star,triangle",star,3,3,star,1,0.48467795833130367,1.0638385455250305,0.9709777759720613,0.7337969455073687,1.0318472280179687,1.1131227530974668,3.2003658149681486,1333.9126251666457,,,1334.4173828333442,1335.9989377499733,1337.4895344583201,1338.7369749166537,1340.283535583323,1341.9153632499801
main_run4,e3f4c2c2-e078-42a1-970c-cc7833d2a7b2,96,,,ABB,circle,rectangle,circle,star,"circle,rectangle,rectangle","circle,star",star,"rectangle,circle,star,triangle",star,3,3,star,1,0.4993218333402183,0.8603293000730048,0.9166395136093362,0.953145447773517,0.9650804213023225,0.9649447242315693,1.5756999413504138,1345.6094385416363,,,1346.120096083323,1347.4997772083443,1348.9261012916395,1350.3936242083437,1351.8751738749852,1353.3600553333235
main_run4,e3f4c2c2-e078-42a1-970c-cc7833d2a7b2,97,,,ABB,star,circle,star,circle,"star,circle,circle","star,circle",circle,"triangle,star,circle,rectangle",circle,3,3,circle,1,0.4509177499858197,0.8742532991870453,0.966091528917559,1.245310985200309,0.9575137435681853,0.8656021389534401,1.8647471075330107,1355.4433231666335,,,1355.9480622083356,1357.336887374986,1358.8198959583242,1360.5816729999788,1362.0537999583175,1363.4408179999737
main_run4,e3f4c2c2-e078-42a1-970c-cc7833d2a7b2,98,,,ABA,star,circle,triangle,circle,"star,circle,star","triangle,circle",triangle,"triangle,star,rectangle,circle",triangle,1,1,triangle,1,0.4450737916631624,1.214993907589181,1.1765867565763009,1.0271300610402088,1.1502475828745469,1.1998280613943297,3.762678753603029,1365.7660001666518,,,1366.2725604583393,1368.0043397916306,1369.6952604999824,1371.236752375,1372.9043733750004,1374.6230302916374
main_run4,e3f4c2c2-e078-42a1-970c-cc7833d2a7b2,99,,,ABA,rectangle,circle,circle,star,"rectangle,circle,rectangle","circle,star",circle,"star,rectangle,circle,triangle",circle,3,3,circle,1,0.500798291672254,1.2448799388142775,1.2072122806107601,1.2495152241132415,1.2002141729324458,1.377076707850958,4.408511537428921,1378.8399354166468,,,1379.3463726666523,1381.1075957083376,1382.831335041643,1384.5992143333424,1386.3207766249834,1388.2218025833427
main_run4,e3f4c2c2-e078-42a1-970c-cc7833d2a7b2,100,,,ABA,triangle,rectangle,rectangle,star,"triangle,rectangle,triangle","rectangle,star",rectangle,"circle,triangle,rectangle,star",rectangle,3,3,rectangle,1,0.4689495416532736,0.8643145404839884,0.9226798477491378,0.9002209936299664,1.060547244773016,1.0812835196454107,2.4381719547700356,1393.1443827916519,,,1393.6554144166294,1395.0375450833235,1396.477618749981,1397.896851083322,1399.4748123749741,1401.0747773333278
main_run4,e3f4c2c2-e078-42a1-970c-cc7833d2a7b2,101,,,ABB,star,triangle,triangle,rectangle,"star,triangle,triangle","triangle,rectangle",rectangle,"triangle,rectangle,circle,star",rectangle,2,2,rectangle,1,0.515741708339192,1.0208292050361578,0.9731209294529973,0.8176392262149046,0.8422062350832585,0.7848872073034597,3.135686816854679,1403.9899451249803,,,1404.4944761249935,1406.0379059166298,1407.5231682083395,1408.8497717916325,1410.2056690833415,1411.5066049999732
main_run4,e3f4c2c2-e078-42a1-970c-cc7833d2a7b2,102,,,ABA,circle,star,star,triangle,"circle,star,circle","star,triangle",star,"triangle,rectangle,star,circle",star,3,3,star,1,0.47692395831109025,1.2358494541063423,0.9653048527477662,0.762903182691135,1.3458103838275661,0.7396564764186055,2.7128495635558467,1415.166600333323,,,1415.6771078749734,1417.4276852083276,1418.913081124978,1420.1903917916352,1422.0573798749829,1423.317639749992
main_run4,e3f4c2c2-e078-42a1-970c-cc7833d2a7b2,103,,,ABB,star,circle,star,triangle,"star,circle,circle","star,triangle",triangle,"star,rectangle,circle,triangle",triangle,4,4,triangle,1,0.5184303333517164,1.1847772334456046,0.7661754996601005,1.174895907934694,0.6551679227041285,0.6440852542895923,1.6911454158322472,1426.51621445833,,,1427.0284648749803,1428.7271509166458,1430.0039072499785,1431.6926114166563,1432.862172083318,1434.0268449166324
main_run4,e3f4c2c2-e078-42a1-970c-cc7833d2a7b2,104,,,ABA,rectangle,triangle,triangle,circle,"rectangle,triangle,rectangle","triangle,circle",triangle,"circle,triangle,star,rectangle",triangle,2,2,triangle,1,0.4853034999978263,1.1411621792120825,1.1863358556082504,0.765519327063775,0.8295235740831632,1.2519918872691798,2.909598625502672,1436.2456288333342,,,1436.7527405,1438.4074515416578,1440.1106244583207,1441.395824166655,1442.7439826666377,1444.5181032499822
main_run4,e3f4c2c2-e078-42a1-970c-cc7833d2a7b2,105,,,ABB,triangle,rectangle,rectangle,star,"triangle,rectangle,rectangle","rectangle,star",star,"star,rectangle,circle,triangle",star,1,1,star,1,0.5107429999916349,1.1021780706468771,0.7858717972403317,1.2528546080201686,0.5644037813588867,0.9183320743284579,3.1592082732720006,1447.9253353333334,,,1448.4377005416318,1450.0551084583276,1451.3516974999802,1453.1177280833363,1454.2024444583221,1455.6431087083183
main_run4,e3f4c2c2-e078-42a1-970c-cc7833d2a7b2,106,,,ABA,triangle,rectangle,circle,rectangle,"triangle,rectangle,triangle","circle,rectangle",circle,"rectangle,circle,star,triangle",circle,2,2,circle,1,0.5429176249890588,0.842826236807776,1.0881836334358452,0.9956163132551495,0.8532379412556769,1.0700360782814695,2.02438459229046,1459.3255960416573,,,1459.836869083345,1461.194381041656,1462.8019434583257,1464.3166174999787,1465.6900156249758,1467.2820657083357
main_run4,e3f4c2c2-e078-42a1-970c-cc7833d2a7b2,107,,,ABB,triangle,circle,circle,rectangle,"triangle,circle,circle","circle,rectangle",rectangle,"circle,triangle,star,rectangle",rectangle,4,4,rectangle,1,0.4929371666512452,1.0132712217194573,0.9837567170385907,0.775243720381444,0.9636199973574763,0.42397550359174396,4.059249539751691,1469.8593015833176,,,1470.370614833344,1471.9022635416477,1473.398017874977,1474.6856569583178,1476.1697694583272,1477.1153754166444
main_run4,e3f4c2c2-e078-42a1-970c-cc7833d2a7b2,108,,,ABB,rectangle,star,rectangle,star,"rectangle,star,star","rectangle,star",star,"triangle,rectangle,star,circle",star,3,3,star,1,0.46670004166662693,1.166043289712164,1.013519727887545,1.1141635978016544,1.215931957283552,0.81859707849953,2.3219138219152873,1481.680321541644,,,1482.186937749997,1483.8690447499976,1485.3980685833376,1487.0312907083426,1488.7598083333287,1490.104163791635
main_run4,e3f4c2c2-e078-42a1-970c-cc7833d2a7b2,109,,,ABB,circle,rectangle,circle,rectangle,"circle,rectangle,rectangle","circle,rectangle",rectangle,"triangle,rectangle,circle,star",rectangle,2,2,rectangle,1,0.48669862499809824,1.1410843753927074,0.9838953291333863,0.5313046006387034,0.7974762801049394,1.409786083641468,3.78239864943631,1492.9016671666468,,,1493.4117994583212,1495.0687793749967,1496.570028041635,1497.6144019583298,1498.9230582499877,1500.8526384166325
main_run4,e3f4c2c2-e078-42a1-970c-cc7833d2a7b2,110,,,ABA,triangle,circle,circle,star,"triangle,circle,triangle","circle,star",circle,"triangle,circle,star,rectangle",circle,2,2,circle,1,0.38645579165313393,1.0300160467097403,0.34132409263798735,0.9432074164016921,0.8471078960353449,1.2710268587775753,2.5037701724179744,1505.1374932499893,,,1505.6496146249992,1507.1967115000007,1508.058166416653,1509.518502791645,1510.8827935000008,1512.677282083343
main_run4,e3f4c2c2-e078-42a1-970c-cc7833d2a7b2,111,,,ABB,rectangle,circle,star,rectangle,"rectangle,circle,circle","star,rectangle",rectangle,"star,triangle,rectangle,circle",rectangle,3,3,rectangle,1,0.46755520833539777,0.9606025914684954,0.4083665043365531,0.8853174293388388,1.101468738584815,0.7300370429827883,2.7116472660093223,1515.5808480833366,,,1516.0871091249865,1517.564088666637,1518.4836384166556,1519.8883530416351,1521.5014881666575,1522.752437999996
main_run4,e3f4c2c2-e078-42a1-970c-cc7833d2a7b2,112,,,ABB,circle,triangle,triangle,star,"circle,triangle,triangle","triangle,star",star,"circle,rectangle,star,triangle",star,3,3,star,1,0.4854231249773875,0.8756571141540757,1.0412470334300101,0.8849841375399241,1.374892011524238,0.8019516749243779,3.7841364274441665,1525.9413010833377,,,1526.448064541648,1527.8439288749942,1529.4044414583186,1530.805037583341,1532.6961654583283,1534.0198738749896
main_run4,e3f4c2c2-e078-42a1-970c-cc7833d2a7b2,113,,,ABA,star,circle,triangle,star,"star,circle,star","triangle,star",triangle,"star,rectangle,triangle,circle",triangle,3,3,triangle,1,0.4661819583561737,1.0859352722229476,0.9513114075382948,1.2360395502917896,1.12044654501859,1.1695902555088495,2.7132802810509213,1538.301296083344,,,1538.8133913333295,1540.415100791637,1541.8821010833199,1543.6361937916372,1545.2766230833367,1546.9671342083311
main_run4,e3f4c2c2-e078-42a1-970c-cc7833d2a7b2,114,,,ABA,triangle,circle,rectangle,circle,"triangle,circle,triangle","rectangle,circle",rectangle,"circle,star,triangle,rectangle",rectangle,4,4,rectangle,1,0.5239092500123661,0.830718248804881,1.0564698889055928,0.6178253959288879,0.9833624820351308,1.2259494682468168,5.291203816973027,1550.156677916646,,,1550.6631855416344,1552.0110578749736,1553.5872001249809,1554.7215674583276,1556.2218054583354,1557.9651172916347
main_run4,e3f4c2c2-e078-42a1-970c-cc7833d2a7b2,115,,,ABB,rectangle,circle,star,triangle,"rectangle,circle,circle","star,triangle",triangle,"rectangle,star,circle,triangle",triangle,4,4,triangle,1,0.5195669166569132,0.853007181677108,1.171284744643358,0.9687817283716353,1.154541488638897,1.1551474223216773,4.300641693414538,1563.7946985833405,,,1564.3085334583302,1565.6787042083452,1567.3677136666374,1568.8532957499847,1570.527007708326,1572.2052657499735
main_run4,e3f4c2c2-e078-42a1-970c-cc7833d2a7b2,116,,,ABA,circle,star,circle,rectangle,"circle,star,circle","circle,rectangle",circle,"star,circle,triangle,rectangle",circle,2,2,circle,1,0.4741464582912158,0.8368271759424504,1.089668872390958,1.2227639386340052,0.7661134434670683,1.0139088456105654,2.296237160041299,1577.0355987083167,,,1577.5468000833353,1578.8988718333421,1580.5100492499769,1582.242838999984,1583.5246133333421,1585.063607374992
main_run4,e3f4c2c2-e078-42a1-970c-cc7833d2a7b2,117,,,ABB,star,circle,circle,rectangle,"star,circle,circle","circle,rectangle",rectangle,"rectangle,triangle,star,circle",rectangle,1,1,rectangle,1,0.452005791652482,1.1811525376706846,0.7222034967682889,0.9246191937524194,0.8996337236880662,1.1877898915681806,2.7197090640192947,1587.8452192499826,,,1588.3571531666385,1590.0523114583339,1591.2923011666571,1592.7345117499935,1594.1549506250012,1595.869344833336
main_run4,e3f4c2c2-e078-42a1-970c-cc7833d2a7b2,118,,,ABA,rectangle,star,circle,rectangle,"rectangle,star,rectangle","circle,rectangle",circle,"rectangle,triangle,star,circle",circle,1,1,rectangle,0,0.45941916666924953,0.9018079908849245,0.8339543495022874,1.0900690291038644,1.351234540531637,0.8783773609175031,3.2036278887277496,1599.0506385833432,,,1599.5615114999819,1600.982701583329,1602.3322823333438,1603.941192999977,1605.8095004166535,1607.2121511666337
main_run4,e3f4c2c2-e078-42a1-970c-cc7833d2a7b2,119,,,ABA,triangle,star,triangle,rectangle,"triangle,star,triangle","triangle,rectangle",triangle,"triangle,rectangle,star,circle",triangle,1,1,triangle,1,0.4715460000152234,1.170294105295758,1.2387404426442679,1.1249433838123708,0.8948465330104118,1.0231264180651838,3.7687203992551197,1610.8873620416562,,,1611.3942947916512,1613.0815617916523,1614.8343456249859,1616.470570708334,1617.8805787499878,1619.4275903749804
